============================================================
  TurBox - search tour collections
  Config: configs\url_generation_config.txt
  Output: configs\collection_urls.txt
============================================================

2026-08-22 13:35:28,886 [INFO]
============================================================
Москва -> Турция, даты 27.08.2026, ночей 7-8, взрослых 2, фильтры: {'price_min': 40000, 'price_max': 120000, 'rating': 5, 'meal_ids': ['739', '740'], 'sort': 'price'}
============================================================
2026-08-22 13:35:33,266 [INFO] Главная страница загружена
2026-08-22 13:35:33,268 [INFO] Выбор 'Москва' в поле 'Город вылета'
2026-08-22 13:35:42,413 [WARNING] Выпадающий список не найден, пробуем нажать Enter
2026-08-22 13:35:43,447 [INFO] Значение 'Москва' выбрано через Enter
2026-08-22 13:35:43,447 [INFO] Выбор страны 'Турция' в поле 'Страна, курорт, отель'
2026-08-22 13:35:44,468 [INFO] Страна 'Турция' выбрана
2026-08-22 13:35:44,982 [INFO] Выбор дат: 27.08.2026 - 27.08.2026
2026-08-22 13:35:45,104 [INFO] Календарь открыт
2026-08-22 13:35:47,396 [INFO] Выбран день 27.8.2026
2026-08-22 13:35:49,144 [INFO] Выбран день 27.8.2026
2026-08-22 13:35:49,144 [INFO] Диапазон дат выбран
2026-08-22 13:35:50,153 [INFO] Выбор ночей: 7 - 8
2026-08-22 13:35:50,215 [INFO] Панель ночей открыта
2026-08-22 13:35:51,263 [INFO] Клик по контейнеру с числом 7 выполнен
2026-08-22 13:35:52,306 [INFO] Клик по контейнеру с числом 8 выполнен
2026-08-22 13:35:52,624 [INFO] Панель ночей закрыта
2026-08-22 13:35:53,133 [INFO] Взрослых 2 (по умолчанию), пропускаем
2026-08-22 13:35:53,669 [INFO] Кнопка 'Найти тур' нажата
2026-08-22 13:35:55,619 [INFO] Получен URL после поиска: https://www.onlinetours.ru/tours/9ad133b230626a75dfadf05b1a28daed?ticket_strategy=include
2026-08-22 13:36:06,159 [INFO] Выбор самой дешёвой даты (searchMinPriceData=true)...
2026-08-22 13:36:06,159 [INFO] Поиск блока с датами для выбора самой дешёвой даты...
2026-08-22 13:36:13,420 [INFO] Найдено 35 кнопок с процентами
2026-08-22 13:36:13,563 [INFO] Выбрана кнопка с минимальным процентом 44.747 (самая дешёвая дата)
2026-08-22 13:36:13,659 [INFO] Ожидание перезагрузки страницы после выбора даты...
2026-08-22 13:36:17,691 [INFO] Новый URL после выбора дешёвой даты: https://www.onlinetours.ru/tours/7b423dead581288b94f09ae086c61d69?ticket_strategy=include
2026-08-22 13:36:17,692 [INFO] Применение фильтров через параметры URL...
2026-08-22 13:36:17,692 [INFO] Новый URL с фильтрами: https://www.onlinetours.ru/tours/7b423dead581288b94f09ae086c61d69?ticket_strategy=include&sort=price&price_from=40000&price_to=120000&rating=5&meal_type[]=739&meal_type[]=740
2026-08-22 13:36:20,243 [INFO] Финальный URL после фильтров: https://www.onlinetours.ru/tours/7b423dead581288b94f09ae086c61d69?ticket_strategy=include&sort=price&price_from=40000&price_to=120000&rating=5&meal_type[]=739&meal_type[]=740
2026-08-22 13:36:30,686 [INFO] Минимальная цена: 74164
2026-08-22 13:36:30,716 [INFO] Итоговая дата изменилась: 27 авг - 4 сен
2026-08-22 13:36:31,996 [INFO] Драйвер закрыт
2026-08-22 13:36:31,997 [INFO] Сохранён #94
2026-08-22 13:36:31,997 [INFO]
============================================================
Санкт-Петербург -> Турция, даты 27.08.2026, ночей 7-8, взрослых 2, фильтры: {'price_min': 40000, 'price_max': 120000, 'rating': 5, 'meal_ids': ['739', '740'], 'sort': 'price'}
============================================================
2026-08-22 13:36:39,379 [INFO] Главная страница загружена
2026-08-22 13:36:39,379 [INFO] Выбор 'Санкт-Петербург' в поле 'Город вылета'
2026-08-22 13:36:45,843 [WARNING] Выпадающий список не найден, пробуем нажать Enter
2026-08-22 13:36:46,869 [INFO] Значение 'Санкт-Петербург' выбрано через Enter
2026-08-22 13:36:46,869 [INFO] Выбор страны 'Турция' в поле 'Страна, курорт, отель'
2026-08-22 13:36:47,870 [INFO] Страна 'Турция' выбрана
2026-08-22 13:36:48,384 [INFO] Выбор дат: 27.08.2026 - 27.08.2026
2026-08-22 13:36:48,518 [INFO] Календарь открыт
2026-08-22 13:36:50,823 [INFO] Выбран день 27.8.2026
2026-08-22 13:36:52,592 [INFO] Выбран день 27.8.2026
2026-08-22 13:36:52,593 [INFO] Диапазон дат выбран
2026-08-22 13:36:53,605 [INFO] Выбор ночей: 7 - 8
2026-08-22 13:36:53,664 [INFO] Панель ночей открыта
2026-08-22 13:36:54,694 [INFO] Клик по контейнеру с числом 7 выполнен
2026-08-22 13:36:55,732 [INFO] Клик по контейнеру с числом 8 выполнен
2026-08-22 13:36:56,047 [INFO] Панель ночей закрыта
2026-08-22 13:36:56,560 [INFO] Взрослых 2 (по умолчанию), пропускаем
2026-08-22 13:36:57,095 [INFO] Кнопка 'Найти тур' нажата
2026-08-22 13:36:59,462 [INFO] Получен URL после поиска: https://www.onlinetours.ru/tours/367cd86051c5e1521656aedb67a716e1?ticket_strategy=include
2026-08-22 13:37:09,912 [INFO] Выбор самой дешёвой даты (searchMinPriceData=true)...
2026-08-22 13:37:09,912 [INFO] Поиск блока с датами для выбора самой дешёвой даты...
2026-08-22 13:37:13,037 [INFO] Найдено 33 кнопок с процентами
2026-08-22 13:37:13,167 [INFO] Выбрана кнопка с минимальным процентом 26.231 (самая дешёвая дата)
2026-08-22 13:37:13,246 [INFO] Ожидание перезагрузки страницы после выбора даты...
2026-08-22 13:37:17,269 [INFO] Новый URL после выбора дешёвой даты: https://www.onlinetours.ru/tours/95506386884e1c4383464172dc1288c7?ticket_strategy=include
2026-08-22 13:37:17,269 [INFO] Применение фильтров через параметры URL...
2026-08-22 13:37:17,270 [INFO] Новый URL с фильтрами: https://www.onlinetours.ru/tours/95506386884e1c4383464172dc1288c7?ticket_strategy=include&sort=price&price_from=40000&price_to=120000&rating=5&meal_type[]=739&meal_type[]=740
2026-08-22 13:37:19,850 [INFO] Финальный URL после фильтров: https://www.onlinetours.ru/tours/95506386884e1c4383464172dc1288c7?ticket_strategy=include&sort=price&price_from=40000&price_to=120000&rating=5&meal_type[]=739&meal_type[]=740
2026-08-22 13:37:30,263 [INFO] Минимальная цена: 95246
2026-08-22 13:37:30,286 [INFO] Итоговая дата изменилась: 25 авг - 2 сен
2026-08-22 13:37:31,559 [INFO] Драйвер закрыт
2026-08-22 13:37:31,560 [INFO] Сохранён #95
2026-08-22 13:37:31,560 [INFO]
============================================================
Екатеринбург -> Турция, даты 27.08.2026, ночей 7-8, взрослых 2, фильтры: {'price_min': 40000, 'price_max': 120000, 'rating': 5, 'meal_ids': ['739', '740'], 'sort': 'price'}
============================================================
2026-08-22 13:37:35,052 [INFO] Главная страница загружена
2026-08-22 13:37:35,052 [INFO] Выбор 'Екатеринбург' в поле 'Город вылета'
2026-08-22 13:37:44,794 [WARNING] Выпадающий список не найден, пробуем нажать Enter
2026-08-22 13:37:45,824 [INFO] Значение 'Екатеринбург' выбрано через Enter
2026-08-22 13:37:45,824 [INFO] Выбор страны 'Турция' в поле 'Страна, курорт, отель'
2026-08-22 13:37:46,874 [INFO] Страна 'Турция' выбрана
2026-08-22 13:37:47,385 [INFO] Выбор дат: 27.08.2026 - 27.08.2026
2026-08-22 13:37:47,511 [INFO] Календарь открыт
2026-08-22 13:37:49,810 [INFO] Выбран день 27.8.2026
2026-08-22 13:37:51,561 [INFO] Выбран день 27.8.2026
2026-08-22 13:37:51,561 [INFO] Диапазон дат выбран
2026-08-22 13:37:52,574 [INFO] Выбор ночей: 7 - 8
2026-08-22 13:37:52,636 [INFO] Панель ночей открыта
2026-08-22 13:37:53,668 [INFO] Клик по контейнеру с числом 7 выполнен
2026-08-22 13:37:54,716 [INFO] Клик по контейнеру с числом 8 выполнен
2026-08-22 13:37:55,032 [INFO] Панель ночей закрыта
2026-08-22 13:37:55,547 [INFO] Взрослых 2 (по умолчанию), пропускаем
2026-08-22 13:37:56,089 [INFO] Кнопка 'Найти тур' нажата
2026-08-22 13:37:58,206 [INFO] Получен URL после поиска: https://www.onlinetours.ru/tours/6e533cb3c7f7e4f35528ab39537da880?ticket_strategy=include
2026-08-22 13:38:08,636 [INFO] Выбор самой дешёвой даты (searchMinPriceData=true)...
2026-08-22 13:38:08,636 [INFO] Поиск блока с датами для выбора самой дешёвой даты...
2026-08-22 13:38:11,374 [INFO] Найдено 34 кнопок с процентами
2026-08-22 13:38:11,504 [INFO] Выбрана кнопка с минимальным процентом 26.231 (самая дешёвая дата)
2026-08-22 13:38:11,588 [INFO] Ожидание перезагрузки страницы после выбора даты...
2026-08-22 13:38:15,621 [INFO] Новый URL после выбора дешёвой даты: https://www.onlinetours.ru/tours/e95cc9778550161b7e7885cb17730d88?ticket_strategy=include
2026-08-22 13:38:15,621 [INFO] Применение фильтров через параметры URL...
2026-08-22 13:38:15,622 [INFO] Новый URL с фильтрами: https://www.onlinetours.ru/tours/e95cc9778550161b7e7885cb17730d88?ticket_strategy=include&sort=price&price_from=40000&price_to=120000&rating=5&meal_type[]=739&meal_type[]=740
2026-08-22 13:38:18,193 [INFO] Финальный URL после фильтров: https://www.onlinetours.ru/tours/e95cc9778550161b7e7885cb17730d88?ticket_strategy=include&sort=price&price_from=40000&price_to=120000&rating=5&meal_type[]=739&meal_type[]=740
2026-08-22 13:38:28,624 [INFO] Минимальная цена: 84883
2026-08-22 13:38:28,654 [INFO] Итоговая дата изменилась: 28 авг - 5 сен
2026-08-22 13:38:29,932 [INFO] Драйвер закрыт
2026-08-22 13:38:29,933 [INFO] Сохранён #96
2026-08-22 13:38:29,933 [INFO]
============================================================
Казань -> Турция, даты 27.08.2026, ночей 7-8, взрослых 2, фильтры: {'price_min': 40000, 'price_max': 120000, 'rating': 5, 'meal_ids': ['739', '740'], 'sort': 'price'}
============================================================
2026-08-22 13:38:37,118 [INFO] Главная страница загружена
2026-08-22 13:38:37,118 [INFO] Выбор 'Казань' в поле 'Город вылета'
2026-08-22 13:38:43,561 [WARNING] Выпадающий список не найден, пробуем нажать Enter
2026-08-22 13:38:44,592 [INFO] Значение 'Казань' выбрано через Enter
2026-08-22 13:38:44,592 [INFO] Выбор страны 'Турция' в поле 'Страна, курорт, отель'
2026-08-22 13:38:45,592 [INFO] Страна 'Турция' выбрана
2026-08-22 13:38:46,093 [INFO] Выбор дат: 27.08.2026 - 27.08.2026
2026-08-22 13:38:46,219 [INFO] Календарь открыт
2026-08-22 13:38:48,513 [INFO] Выбран день 27.8.2026
2026-08-22 13:38:50,297 [INFO] Выбран день 27.8.2026
2026-08-22 13:38:50,298 [INFO] Диапазон дат выбран
2026-08-22 13:38:51,309 [INFO] Выбор ночей: 7 - 8
2026-08-22 13:38:51,376 [INFO] Панель ночей открыта
2026-08-22 13:38:52,417 [INFO] Клик по контейнеру с числом 7 выполнен
2026-08-22 13:38:53,465 [INFO] Клик по контейнеру с числом 8 выполнен
2026-08-22 13:38:53,784 [INFO] Панель ночей закрыта
2026-08-22 13:38:54,285 [INFO] Взрослых 2 (по умолчанию), пропускаем
2026-08-22 13:38:54,831 [INFO] Кнопка 'Найти тур' нажата
2026-08-22 13:38:56,800 [INFO] Получен URL после поиска: https://www.onlinetours.ru/tours/a3bfeea253f6c637805ef61580dc3b82?ticket_strategy=include
2026-08-22 13:39:07,164 [INFO] Выбор самой дешёвой даты (searchMinPriceData=true)...
2026-08-22 13:39:07,164 [INFO] Поиск блока с датами для выбора самой дешёвой даты...
2026-08-22 13:39:12,332 [INFO] Найдено 35 кнопок с процентами
2026-08-22 13:39:12,475 [INFO] Выбрана кнопка с минимальным процентом 18.516 (самая дешёвая дата)
2026-08-22 13:39:12,571 [INFO] Ожидание перезагрузки страницы после выбора даты...
2026-08-22 13:39:16,591 [INFO] Новый URL после выбора дешёвой даты: https://www.onlinetours.ru/tours/6b678a67645903b849794d03c5a3519c?ticket_strategy=include
2026-08-22 13:39:16,591 [INFO] Применение фильтров через параметры URL...
2026-08-22 13:39:16,593 [INFO] Новый URL с фильтрами: https://www.onlinetours.ru/tours/6b678a67645903b849794d03c5a3519c?ticket_strategy=include&sort=price&price_from=40000&price_to=120000&rating=5&meal_type[]=739&meal_type[]=740
2026-08-22 13:39:19,176 [INFO] Финальный URL после фильтров: https://www.onlinetours.ru/tours/6b678a67645903b849794d03c5a3519c?ticket_strategy=include&sort=price&price_from=40000&price_to=120000&rating=5&meal_type[]=739&meal_type[]=740
2026-08-22 13:39:29,597 [INFO] Минимальная цена: 85814
2026-08-22 13:39:29,618 [INFO] Итоговая дата изменилась: 24 авг - 1 сен
2026-08-22 13:39:30,883 [INFO] Драйвер закрыт
2026-08-22 13:39:30,884 [INFO] Сохранён #97
2026-08-22 13:39:30,884 [INFO]
============================================================
Нижний Новгород -> Турция, даты 27.08.2026, ночей 7-8, взрослых 2, фильтры: {'price_min': 40000, 'price_max': 120000, 'rating': 5, 'meal_ids': ['739', '740'], 'sort': 'price'}
============================================================
2026-08-22 13:39:38,083 [INFO] Главная страница загружена
2026-08-22 13:39:38,083 [INFO] Выбор 'Нижний Новгород' в поле 'Город вылета'
2026-08-22 13:39:44,684 [WARNING] Выпадающий список не найден, пробуем нажать Enter
2026-08-22 13:39:45,720 [INFO] Значение 'Нижний Новгород' выбрано через Enter
2026-08-22 13:39:45,720 [INFO] Выбор страны 'Турция' в поле 'Страна, курорт, отель'
2026-08-22 13:39:46,722 [INFO] Страна 'Турция' выбрана
2026-08-22 13:39:47,237 [INFO] Выбор дат: 27.08.2026 - 27.08.2026
2026-08-22 13:39:47,364 [INFO] Календарь открыт
2026-08-22 13:39:49,653 [INFO] Выбран день 27.8.2026
2026-08-22 13:39:51,406 [INFO] Выбран день 27.8.2026
2026-08-22 13:39:51,407 [INFO] Диапазон дат выбран
2026-08-22 13:39:52,422 [INFO] Выбор ночей: 7 - 8
2026-08-22 13:39:52,488 [INFO] Панель ночей открыта
2026-08-22 13:39:53,519 [INFO] Клик по контейнеру с числом 7 выполнен
2026-08-22 13:39:54,560 [INFO] Клик по контейнеру с числом 8 выполнен
2026-08-22 13:39:54,879 [INFO] Панель ночей закрыта
2026-08-22 13:39:55,383 [INFO] Взрослых 2 (по умолчанию), пропускаем
2026-08-22 13:39:55,926 [INFO] Кнопка 'Найти тур' нажата
2026-08-22 13:39:57,910 [INFO] Получен URL после поиска: https://www.onlinetours.ru/tours/cfea9936edaa309393314b622a4e4090?ticket_strategy=include
2026-08-22 13:40:08,307 [INFO] Выбор самой дешёвой даты (searchMinPriceData=true)...
2026-08-22 13:40:08,308 [INFO] Поиск блока с датами для выбора самой дешёвой даты...
2026-08-22 13:40:15,050 [INFO] Найдено 20 кнопок с процентами
2026-08-22 13:40:15,129 [INFO] Выбрана кнопка с минимальным процентом 36.2605 (самая дешёвая дата)
2026-08-22 13:40:15,209 [INFO] Ожидание перезагрузки страницы после выбора даты...
2026-08-22 13:40:19,230 [INFO] Новый URL после выбора дешёвой даты: https://www.onlinetours.ru/tours/eec6aebe672860957a9283db694cd53d?ticket_strategy=include
2026-08-22 13:40:19,230 [INFO] Применение фильтров через параметры URL...
2026-08-22 13:40:19,231 [INFO] Новый URL с фильтрами: https://www.onlinetours.ru/tours/eec6aebe672860957a9283db694cd53d?ticket_strategy=include&sort=price&price_from=40000&price_to=120000&rating=5&meal_type[]=739&meal_type[]=740
2026-08-22 13:40:21,902 [INFO] Финальный URL после фильтров: https://www.onlinetours.ru/tours/eec6aebe672860957a9283db694cd53d?ticket_strategy=include&sort=price&price_from=40000&price_to=120000&rating=5&meal_type[]=739&meal_type[]=740
2026-08-22 13:40:32,315 [INFO] Минимальная цена: 102207
2026-08-22 13:40:32,338 [INFO] Итоговая дата изменилась: 25 авг - 2 сен
2026-08-22 13:40:33,605 [INFO] Драйвер закрыт
2026-08-22 13:40:33,606 [INFO] Сохранён #98
2026-08-22 13:40:33,606 [INFO]
============================================================
Пермь -> Турция, даты 27.08.2026, ночей 7-8, взрослых 2, фильтры: {'price_min': 40000, 'price_max': 120000, 'rating': 5, 'meal_ids': ['739', '740'], 'sort': 'price'}
============================================================
2026-08-22 13:40:40,846 [INFO] Главная страница загружена
2026-08-22 13:40:40,846 [INFO] Выбор 'Пермь' в поле 'Город вылета'
2026-08-22 13:40:47,396 [WARNING] Выпадающий список не найден, пробуем нажать Enter
2026-08-22 13:40:48,425 [INFO] Значение 'Пермь' выбрано через Enter
2026-08-22 13:40:48,426 [INFO] Выбор страны 'Турция' в поле 'Страна, курорт, отель'
2026-08-22 13:40:49,378 [INFO] Страна 'Турция' выбрана
2026-08-22 13:40:49,893 [INFO] Выбор дат: 27.08.2026 - 27.08.2026
2026-08-22 13:40:50,015 [INFO] Календарь открыт
2026-08-22 13:40:52,321 [INFO] Выбран день 27.8.2026
2026-08-22 13:40:54,065 [INFO] Выбран день 27.8.2026
2026-08-22 13:40:54,066 [INFO] Диапазон дат выбран
2026-08-22 13:40:55,080 [INFO] Выбор ночей: 7 - 8
2026-08-22 13:40:55,140 [INFO] Панель ночей открыта
2026-08-22 13:40:56,207 [INFO] Клик по контейнеру с числом 7 выполнен
2026-08-22 13:40:57,252 [INFO] Клик по контейнеру с числом 8 выполнен
2026-08-22 13:40:57,571 [INFO] Панель ночей закрыта
2026-08-22 13:40:58,084 [INFO] Взрослых 2 (по умолчанию), пропускаем
2026-08-22 13:40:58,625 [INFO] Кнопка 'Найти тур' нажата
2026-08-22 13:41:00,666 [INFO] Получен URL после поиска: https://www.onlinetours.ru/tours/1fd1500d60b1c825be2092925118b709?ticket_strategy=include
2026-08-22 13:41:11,073 [INFO] Выбор самой дешёвой даты (searchMinPriceData=true)...
2026-08-22 13:41:11,073 [INFO] Поиск блока с датами для выбора самой дешёвой даты...
2026-08-22 13:41:27,091 [INFO] Найдено 19 кнопок с процентами
2026-08-22 13:41:27,169 [INFO] Выбрана кнопка с минимальным процентом 15.43 (самая дешёвая дата)
2026-08-22 13:41:27,252 [INFO] Ожидание перезагрузки страницы после выбора даты...
2026-08-22 13:41:31,281 [INFO] Новый URL после выбора дешёвой даты: https://www.onlinetours.ru/tours/a90220737e161ce90834fd29ccea9c0e?ticket_strategy=include
2026-08-22 13:41:31,281 [INFO] Применение фильтров через параметры URL...
2026-08-22 13:41:31,282 [INFO] Новый URL с фильтрами: https://www.onlinetours.ru/tours/a90220737e161ce90834fd29ccea9c0e?ticket_strategy=include&sort=price&price_from=40000&price_to=120000&rating=5&meal_type[]=739&meal_type[]=740
2026-08-22 13:41:33,935 [INFO] Финальный URL после фильтров: https://www.onlinetours.ru/tours/a90220737e161ce90834fd29ccea9c0e?ticket_strategy=include&sort=price&price_from=40000&price_to=120000&rating=5&meal_type[]=739&meal_type[]=740
2026-08-22 13:41:44,327 [INFO] Минимальная цена: 90893
2026-08-22 13:41:44,354 [INFO] Итоговая дата изменилась: 27 авг - 4 сен
2026-08-22 13:41:45,664 [INFO] Драйвер закрыт
2026-08-22 13:41:45,665 [INFO] Сохранён #99
2026-08-22 13:41:45,665 [INFO]
============================================================
Москва -> Египет, даты 07.09.2026, ночей 7-8, взрослых 2, фильтры: {'price_min': 40000, 'price_max': 150000, 'rating': 5, 'meal_ids': ['739', '740'], 'sort': 'price'}
============================================================
2026-08-22 13:41:53,058 [INFO] Главная страница загружена
2026-08-22 13:41:53,059 [INFO] Выбор 'Москва' в поле 'Город вылета'
2026-08-22 13:41:59,133 [WARNING] Выпадающий список не найден, пробуем нажать Enter
2026-08-22 13:42:00,166 [INFO] Значение 'Москва' выбрано через Enter
2026-08-22 13:42:00,166 [INFO] Выбор страны 'Египет' в поле 'Страна, курорт, отель'
2026-08-22 13:42:02,171 [INFO] Страна 'Египет' выбрана
2026-08-22 13:42:02,685 [INFO] Выбор дат: 07.09.2026 - 07.09.2026
2026-08-22 13:42:02,806 [INFO] Календарь открыт
2026-08-22 13:42:05,088 [INFO] Выбран день 7.9.2026
2026-08-22 13:42:06,860 [INFO] Выбран день 7.9.2026
2026-08-22 13:42:06,861 [INFO] Диапазон дат выбран
2026-08-22 13:42:07,871 [INFO] Выбор ночей: 7 - 8
2026-08-22 13:42:07,972 [INFO] Панель ночей открыта
2026-08-22 13:42:09,005 [INFO] Клик по контейнеру с числом 7 выполнен
2026-08-22 13:42:10,060 [INFO] Клик по контейнеру с числом 8 выполнен
2026-08-22 13:42:10,376 [INFO] Панель ночей закрыта
2026-08-22 13:42:10,876 [INFO] Взрослых 2 (по умолчанию), пропускаем
2026-08-22 13:42:11,416 [INFO] Кнопка 'Найти тур' нажата
2026-08-22 13:42:13,150 [INFO] Получен URL после поиска: https://www.onlinetours.ru/tours/2bfff1ea3aa467f928a5becf1f42cfdd?ticket_strategy=include
2026-08-22 13:42:23,563 [INFO] Выбор самой дешёвой даты (searchMinPriceData=true)...
2026-08-22 13:42:23,564 [INFO] Поиск блока с датами для выбора самой дешёвой даты...
2026-08-22 13:42:31,334 [INFO] Найдено 46 кнопок с процентами
2026-08-22 13:42:31,509 [INFO] Выбрана кнопка с минимальным процентом 43.204 (самая дешёвая дата)
2026-08-22 13:42:31,596 [INFO] Ожидание перезагрузки страницы после выбора даты...
2026-08-22 13:42:35,639 [INFO] Новый URL после выбора дешёвой даты: https://www.onlinetours.ru/tours/e1893433d9b733fec67f00561d5772e2?ticket_strategy=include
2026-08-22 13:42:35,639 [INFO] Применение фильтров через параметры URL...
2026-08-22 13:42:35,640 [INFO] Новый URL с фильтрами: https://www.onlinetours.ru/tours/e1893433d9b733fec67f00561d5772e2?ticket_strategy=include&sort=price&price_from=40000&price_to=150000&rating=5&meal_type[]=739&meal_type[]=740
2026-08-22 13:42:38,225 [INFO] Финальный URL после фильтров: https://www.onlinetours.ru/tours/e1893433d9b733fec67f00561d5772e2?ticket_strategy=include&sort=price&price_from=40000&price_to=150000&rating=5&meal_type[]=739&meal_type[]=740
2026-08-22 13:42:48,684 [INFO] Минимальная цена: 81704
2026-08-22 13:42:48,706 [INFO] Итоговая дата изменилась: 29 авг - 6 сен
2026-08-22 13:42:49,969 [INFO] Драйвер закрыт
2026-08-22 13:42:49,970 [INFO] Сохранён #100
2026-08-22 13:42:49,970 [INFO]
============================================================
Санкт-Петербург -> Египет, даты 07.09.2026, ночей 7-8, взрослых 2, фильтры: {'price_min': 40000, 'price_max': 150000, 'rating': 5, 'meal_ids': ['739', '740'], 'sort': 'price'}
============================================================
2026-08-22 13:42:56,721 [INFO] Главная страница загружена
2026-08-22 13:42:56,721 [INFO] Выбор 'Санкт-Петербург' в поле 'Город вылета'
2026-08-22 13:43:04,074 [WARNING] Выпадающий список не найден, пробуем нажать Enter
2026-08-22 13:43:05,144 [INFO] Значение 'Санкт-Петербург' выбрано через Enter
2026-08-22 13:43:05,144 [INFO] Выбор страны 'Египет' в поле 'Страна, курорт, отель'
2026-08-22 13:43:07,216 [INFO] Страна 'Египет' выбрана
2026-08-22 13:43:07,728 [INFO] Выбор дат: 07.09.2026 - 07.09.2026
2026-08-22 13:43:07,850 [INFO] Календарь открыт
2026-08-22 13:43:10,175 [INFO] Выбран день 7.9.2026
2026-08-22 13:43:11,943 [INFO] Выбран день 7.9.2026
2026-08-22 13:43:11,944 [INFO] Диапазон дат выбран
2026-08-22 13:43:12,951 [INFO] Выбор ночей: 7 - 8
2026-08-22 13:43:13,006 [INFO] Панель ночей открыта
2026-08-22 13:43:14,042 [INFO] Клик по контейнеру с числом 7 выполнен
2026-08-22 13:43:15,109 [INFO] Клик по контейнеру с числом 8 выполнен
2026-08-22 13:43:15,425 [INFO] Панель ночей закрыта
2026-08-22 13:43:15,939 [INFO] Взрослых 2 (по умолчанию), пропускаем
2026-08-22 13:43:16,480 [INFO] Кнопка 'Найти тур' нажата
2026-08-22 13:43:18,515 [INFO] Получен URL после поиска: https://www.onlinetours.ru/tours/9854edfefddbbb29d210ce7edd900d7a?ticket_strategy=include
2026-08-22 13:43:28,964 [INFO] Выбор самой дешёвой даты (searchMinPriceData=true)...
2026-08-22 13:43:28,964 [INFO] Поиск блока с датами для выбора самой дешёвой даты...
2026-08-22 13:43:35,755 [INFO] Найдено 35 кнопок с процентами
2026-08-22 13:43:35,892 [INFO] Выбрана кнопка с минимальным процентом 31.6315 (самая дешёвая дата)
2026-08-22 13:43:35,974 [INFO] Ожидание перезагрузки страницы после выбора даты...
2026-08-22 13:43:39,994 [INFO] Новый URL после выбора дешёвой даты: https://www.onlinetours.ru/tours/0d09d6444954aa708ca20e8c92faaded?ticket_strategy=include
2026-08-22 13:43:39,995 [INFO] Применение фильтров через параметры URL...
2026-08-22 13:43:39,996 [INFO] Новый URL с фильтрами: https://www.onlinetours.ru/tours/0d09d6444954aa708ca20e8c92faaded?ticket_strategy=include&sort=price&price_from=40000&price_to=150000&rating=5&meal_type[]=739&meal_type[]=740
2026-08-22 13:43:42,627 [INFO] Финальный URL после фильтров: https://www.onlinetours.ru/tours/0d09d6444954aa708ca20e8c92faaded?ticket_strategy=include&sort=price&price_from=40000&price_to=150000&rating=5&meal_type[]=739&meal_type[]=740
2026-08-22 13:43:53,067 [INFO] Минимальная цена: 119327
2026-08-22 13:43:53,089 [INFO] Итоговая дата изменилась: 30 авг - 7 сен
2026-08-22 13:43:54,377 [INFO] Драйвер закрыт
2026-08-22 13:43:54,378 [INFO] Сохранён #101
2026-08-22 13:43:54,378 [INFO]
============================================================
Екатеринбург -> Египет, даты 07.09.2026, ночей 7-8, взрослых 2, фильтры: {'price_min': 40000, 'price_max': 150000, 'rating': 5, 'meal_ids': ['739', '740'], 'sort': 'price'}
============================================================
2026-08-22 13:44:01,238 [INFO] Главная страница загружена
2026-08-22 13:44:01,238 [INFO] Выбор 'Екатеринбург' в поле 'Город вылета'
2026-08-22 13:44:07,448 [WARNING] Выпадающий список не найден, пробуем нажать Enter
2026-08-22 13:44:08,479 [INFO] Значение 'Екатеринбург' выбрано через Enter
2026-08-22 13:44:08,480 [INFO] Выбор страны 'Египет' в поле 'Страна, курорт, отель'
2026-08-22 13:44:10,482 [INFO] Страна 'Египет' выбрана
2026-08-22 13:44:10,997 [INFO] Выбор дат: 07.09.2026 - 07.09.2026
2026-08-22 13:44:11,124 [INFO] Календарь открыт
2026-08-22 13:44:13,442 [INFO] Выбран день 7.9.2026
2026-08-22 13:44:15,202 [INFO] Выбран день 7.9.2026
2026-08-22 13:44:15,202 [INFO] Диапазон дат выбран
2026-08-22 13:44:16,205 [INFO] Выбор ночей: 7 - 8
2026-08-22 13:44:16,262 [INFO] Панель ночей открыта
2026-08-22 13:44:17,328 [INFO] Клик по контейнеру с числом 7 выполнен
2026-08-22 13:44:18,373 [INFO] Клик по контейнеру с числом 8 выполнен
2026-08-22 13:44:18,691 [INFO] Панель ночей закрыта
2026-08-22 13:44:19,205 [INFO] Взрослых 2 (по умолчанию), пропускаем
2026-08-22 13:44:19,745 [INFO] Кнопка 'Найти тур' нажата
2026-08-22 13:44:21,632 [INFO] Получен URL после поиска: https://www.onlinetours.ru/tours/fbb08ca5a9b6bddf4c4bfc5a62f65684?ticket_strategy=include
2026-08-22 13:44:32,128 [INFO] Выбор самой дешёвой даты (searchMinPriceData=true)...
2026-08-22 13:44:32,128 [INFO] Поиск блока с датами для выбора самой дешёвой даты...
2026-08-22 13:44:38,901 [INFO] Найдено 23 кнопок с процентами
2026-08-22 13:44:38,994 [INFO] Выбрана кнопка с минимальным процентом 38.575 (самая дешёвая дата)
2026-08-22 13:44:39,082 [INFO] Ожидание перезагрузки страницы после выбора даты...
2026-08-22 13:44:43,104 [INFO] Новый URL после выбора дешёвой даты: https://www.onlinetours.ru/tours/6c8915972bb16af2c6852cea7429fa1d?ticket_strategy=include
2026-08-22 13:44:43,105 [INFO] Применение фильтров через параметры URL...
2026-08-22 13:44:43,106 [INFO] Новый URL с фильтрами: https://www.onlinetours.ru/tours/6c8915972bb16af2c6852cea7429fa1d?ticket_strategy=include&sort=price&price_from=40000&price_to=150000&rating=5&meal_type[]=739&meal_type[]=740
2026-08-22 13:44:45,673 [INFO] Финальный URL после фильтров: https://www.onlinetours.ru/tours/6c8915972bb16af2c6852cea7429fa1d?ticket_strategy=include&sort=price&price_from=40000&price_to=150000&rating=5&meal_type[]=739&meal_type[]=740
2026-08-22 13:44:56,164 [INFO] Минимальная цена: 130611
2026-08-22 13:44:56,188 [INFO] Итоговая дата изменилась: 27 авг - 4 сен
2026-08-22 13:44:57,462 [INFO] Драйвер закрыт
2026-08-22 13:44:57,464 [INFO] Сохранён #102
2026-08-22 13:44:57,464 [INFO]
============================================================
Казань -> Египет, даты 07.09.2026, ночей 7-8, взрослых 2, фильтры: {'price_min': 40000, 'price_max': 150000, 'rating': 5, 'meal_ids': ['739', '740'], 'sort': 'price'}
============================================================
2026-08-22 13:45:01,045 [INFO] Главная страница загружена
2026-08-22 13:45:01,045 [INFO] Выбор 'Казань' в поле 'Город вылета'
2026-08-22 13:45:10,743 [WARNING] Выпадающий список не найден, пробуем нажать Enter
2026-08-22 13:45:11,772 [INFO] Значение 'Казань' выбрано через Enter
2026-08-22 13:45:11,773 [INFO] Выбор страны 'Египет' в поле 'Страна, курорт, отель'
2026-08-22 13:45:13,788 [INFO] Страна 'Египет' выбрана
2026-08-22 13:45:14,303 [INFO] Выбор дат: 07.09.2026 - 07.09.2026
2026-08-22 13:45:14,428 [INFO] Календарь открыт
2026-08-22 13:45:16,720 [INFO] Выбран день 7.9.2026
2026-08-22 13:45:18,474 [INFO] Выбран день 7.9.2026
2026-08-22 13:45:18,474 [INFO] Диапазон дат выбран
2026-08-22 13:45:19,480 [INFO] Выбор ночей: 7 - 8
2026-08-22 13:45:19,539 [INFO] Панель ночей открыта
2026-08-22 13:45:20,568 [INFO] Клик по контейнеру с числом 7 выполнен
2026-08-22 13:45:21,621 [INFO] Клик по контейнеру с числом 8 выполнен
2026-08-22 13:45:21,962 [INFO] Панель ночей закрыта
2026-08-22 13:45:22,469 [INFO] Взрослых 2 (по умолчанию), пропускаем
2026-08-22 13:45:23,009 [INFO] Кнопка 'Найти тур' нажата
2026-08-22 13:45:25,521 [INFO] Получен URL после поиска: https://www.onlinetours.ru/tours/5cc82565d2143229e0d2015d3fc5e0d1?ticket_strategy=include
2026-08-22 13:45:35,958 [INFO] Выбор самой дешёвой даты (searchMinPriceData=true)...
2026-08-22 13:45:35,958 [INFO] Поиск блока с датами для выбора самой дешёвой даты...
2026-08-22 13:45:41,673 [INFO] Найдено 16 кнопок с процентами
2026-08-22 13:45:41,737 [INFO] Выбрана кнопка с минимальным процентом 40.8895 (самая дешёвая дата)
2026-08-22 13:45:41,820 [INFO] Ожидание перезагрузки страницы после выбора даты...
2026-08-22 13:45:45,850 [INFO] Новый URL после выбора дешёвой даты: https://www.onlinetours.ru/tours/fb6c81c676d63586ea14235054650a57?ticket_strategy=include
2026-08-22 13:45:45,850 [INFO] Применение фильтров через параметры URL...
2026-08-22 13:45:45,852 [INFO] Новый URL с фильтрами: https://www.onlinetours.ru/tours/fb6c81c676d63586ea14235054650a57?ticket_strategy=include&sort=price&price_from=40000&price_to=150000&rating=5&meal_type[]=739&meal_type[]=740
2026-08-22 13:45:48,466 [INFO] Финальный URL после фильтров: https://www.onlinetours.ru/tours/fb6c81c676d63586ea14235054650a57?ticket_strategy=include&sort=price&price_from=40000&price_to=150000&rating=5&meal_type[]=739&meal_type[]=740
2026-08-22 13:45:58,842 [INFO] Минимальная цена: 120198
2026-08-22 13:45:58,864 [INFO] Итоговая дата изменилась: 3 - 11 сен
2026-08-22 13:46:00,165 [INFO] Драйвер закрыт
2026-08-22 13:46:00,166 [INFO] Сохранён #103
2026-08-22 13:46:00,166 [INFO]
============================================================
Нижний Новгород -> Египет, даты 07.09.2026, ночей 7-8, взрослых 2, фильтры: {'price_min': 40000, 'price_max': 150000, 'rating': 5, 'meal_ids': ['739', '740'], 'sort': 'price'}
============================================================
2026-08-22 13:46:07,486 [INFO] Главная страница загружена
2026-08-22 13:46:07,486 [INFO] Выбор 'Нижний Новгород' в поле 'Город вылета'
2026-08-22 13:46:13,860 [WARNING] Выпадающий список не найден, пробуем нажать Enter
2026-08-22 13:46:14,893 [INFO] Значение 'Нижний Новгород' выбрано через Enter
2026-08-22 13:46:14,893 [INFO] Выбор страны 'Египет' в поле 'Страна, курорт, отель'
2026-08-22 13:46:16,895 [INFO] Страна 'Египет' выбрана
2026-08-22 13:46:17,397 [INFO] Выбор дат: 07.09.2026 - 07.09.2026
2026-08-22 13:46:17,521 [INFO] Календарь открыт
2026-08-22 13:46:19,831 [INFO] Выбран день 7.9.2026
2026-08-22 13:46:21,615 [INFO] Выбран день 7.9.2026
2026-08-22 13:46:21,616 [INFO] Диапазон дат выбран
2026-08-22 13:46:22,628 [INFO] Выбор ночей: 7 - 8
2026-08-22 13:46:22,684 [INFO] Панель ночей открыта
2026-08-22 13:46:23,747 [INFO] Клик по контейнеру с числом 7 выполнен
2026-08-22 13:46:24,801 [INFO] Клик по контейнеру с числом 8 выполнен
2026-08-22 13:46:25,120 [INFO] Панель ночей закрыта
2026-08-22 13:46:25,621 [INFO] Взрослых 2 (по умолчанию), пропускаем
2026-08-22 13:46:26,159 [INFO] Кнопка 'Найти тур' нажата
2026-08-22 13:46:28,173 [INFO] Получен URL после поиска: https://www.onlinetours.ru/tours/7218ad458046361fafb8f7dadcffbf02?ticket_strategy=include
2026-08-22 13:46:38,622 [INFO] Выбор самой дешёвой даты (searchMinPriceData=true)...
2026-08-22 13:46:38,622 [INFO] Поиск блока с датами для выбора самой дешёвой даты...
2026-08-22 13:46:44,885 [INFO] Найдено 16 кнопок с процентами
2026-08-22 13:46:44,952 [INFO] Выбрана кнопка с минимальным процентом 40.8895 (самая дешёвая дата)
2026-08-22 13:46:45,043 [INFO] Ожидание перезагрузки страницы после выбора даты...
2026-08-22 13:46:49,063 [INFO] Новый URL после выбора дешёвой даты: https://www.onlinetours.ru/tours/a1f4c87be18f7b6baa23be97dd1c5377?ticket_strategy=include
2026-08-22 13:46:49,064 [INFO] Применение фильтров через параметры URL...
2026-08-22 13:46:49,064 [INFO] Новый URL с фильтрами: https://www.onlinetours.ru/tours/a1f4c87be18f7b6baa23be97dd1c5377?ticket_strategy=include&sort=price&price_from=40000&price_to=150000&rating=5&meal_type[]=739&meal_type[]=740
2026-08-22 13:46:51,866 [INFO] Финальный URL после фильтров: https://www.onlinetours.ru/tours/a1f4c87be18f7b6baa23be97dd1c5377?ticket_strategy=include&sort=price&price_from=40000&price_to=150000&rating=5&meal_type[]=739&meal_type[]=740
2026-08-22 13:47:02,159 [INFO] Минимальная цена: 126818
2026-08-22 13:47:02,175 [INFO] Итоговая дата изменилась: 31 авг - 8 сен
2026-08-22 13:47:03,428 [INFO] Драйвер закрыт
2026-08-22 13:47:03,430 [INFO] Сохранён #104
2026-08-22 13:47:03,430 [INFO]
============================================================
Пермь -> Египет, даты 07.09.2026, ночей 7-8, взрослых 2, фильтры: {'price_min': 40000, 'price_max': 150000, 'rating': 5, 'meal_ids': ['739', '740'], 'sort': 'price'}
============================================================
2026-08-22 13:47:10,744 [INFO] Главная страница загружена
2026-08-22 13:47:10,745 [INFO] Выбор 'Пермь' в поле 'Город вылета'
2026-08-22 13:47:16,907 [WARNING] Выпадающий список не найден, пробуем нажать Enter
2026-08-22 13:47:17,937 [INFO] Значение 'Пермь' выбрано через Enter
2026-08-22 13:47:17,937 [INFO] Выбор страны 'Египет' в поле 'Страна, курорт, отель'
2026-08-22 13:47:20,032 [INFO] Страна 'Египет' выбрана
2026-08-22 13:47:20,542 [INFO] Выбор дат: 07.09.2026 - 07.09.2026
2026-08-22 13:47:20,677 [INFO] Календарь открыт
2026-08-22 13:47:22,980 [INFO] Выбран день 7.9.2026
2026-08-22 13:47:24,748 [INFO] Выбран день 7.9.2026
2026-08-22 13:47:24,751 [INFO] Диапазон дат выбран
2026-08-22 13:47:25,763 [INFO] Выбор ночей: 7 - 8
2026-08-22 13:47:25,823 [INFO] Панель ночей открыта
2026-08-22 13:47:26,861 [INFO] Клик по контейнеру с числом 7 выполнен
2026-08-22 13:47:27,899 [INFO] Клик по контейнеру с числом 8 выполнен
2026-08-22 13:47:28,221 [INFO] Панель ночей закрыта
2026-08-22 13:47:28,737 [INFO] Взрослых 2 (по умолчанию), пропускаем
2026-08-22 13:47:29,276 [INFO] Кнопка 'Найти тур' нажата
2026-08-22 13:47:31,194 [INFO] Получен URL после поиска: https://www.onlinetours.ru/tours/eb4368ceef943d68c334ae848282e807?ticket_strategy=include
2026-08-22 13:47:41,252 [INFO] Выбор самой дешёвой даты (searchMinPriceData=true)...
2026-08-22 13:47:41,252 [INFO] Поиск блока с датами для выбора самой дешёвой даты...
2026-08-22 13:47:46,421 [INFO] Найдено 1 кнопок с процентами
2026-08-22 13:47:46,431 [INFO] Выбрана кнопка с минимальным процентом 77.15 (самая дешёвая дата)
2026-08-22 13:47:46,518 [INFO] Ожидание перезагрузки страницы после выбора даты...
2026-08-22 13:47:50,549 [INFO] Новый URL после выбора дешёвой даты: https://www.onlinetours.ru/tours/f17efafd1aeff0e79a38983aa0adba4a?ticket_strategy=include
2026-08-22 13:47:50,549 [INFO] Применение фильтров через параметры URL...
2026-08-22 13:47:50,550 [INFO] Новый URL с фильтрами: https://www.onlinetours.ru/tours/f17efafd1aeff0e79a38983aa0adba4a?ticket_strategy=include&sort=price&price_from=40000&price_to=150000&rating=5&meal_type[]=739&meal_type[]=740
2026-08-22 13:47:53,113 [INFO] Финальный URL после фильтров: https://www.onlinetours.ru/tours/f17efafd1aeff0e79a38983aa0adba4a?ticket_strategy=include&sort=price&price_from=40000&price_to=150000&rating=5&meal_type[]=739&meal_type[]=740
2026-08-22 13:48:03,574 [INFO] Минимальная цена: 127417
2026-08-22 13:48:03,603 [INFO] Итоговая дата изменилась: 7 - 15 сен
2026-08-22 13:48:04,870 [INFO] Драйвер закрыт
2026-08-22 13:48:04,871 [INFO] Сохранён #105
2026-08-22 13:48:04,871 [INFO]
============================================================
Москва -> Таиланд, даты 07.09.2026, ночей 7-8, взрослых 2, фильтры: {'price_min': 50000, 'price_max': 2000000, 'rating': 5, 'meal_ids': [], 'sort': 'price'}
============================================================
2026-08-22 13:48:12,420 [INFO] Главная страница загружена
2026-08-22 13:48:12,421 [INFO] Выбор 'Москва' в поле 'Город вылета'
2026-08-22 13:48:18,773 [WARNING] Выпадающий список не найден, пробуем нажать Enter
2026-08-22 13:48:19,802 [INFO] Значение 'Москва' выбрано через Enter
2026-08-22 13:48:19,803 [INFO] Выбор страны 'Таиланд' в поле 'Страна, курорт, отель'
2026-08-22 13:48:21,843 [INFO] Страна 'Таиланд' выбрана
2026-08-22 13:48:22,343 [INFO] Выбор дат: 07.09.2026 - 07.09.2026
2026-08-22 13:48:22,464 [INFO] Календарь открыт
2026-08-22 13:48:24,749 [INFO] Выбран день 7.9.2026
2026-08-22 13:48:26,530 [INFO] Выбран день 7.9.2026
2026-08-22 13:48:26,530 [INFO] Диапазон дат выбран
2026-08-22 13:48:27,542 [INFO] Выбор ночей: 7 - 8
2026-08-22 13:48:27,602 [INFO] Панель ночей открыта
2026-08-22 13:48:28,631 [INFO] Клик по контейнеру с числом 7 выполнен
2026-08-22 13:48:29,664 [INFO] Клик по контейнеру с числом 8 выполнен
2026-08-22 13:48:29,993 [INFO] Панель ночей закрыта
2026-08-22 13:48:30,494 [INFO] Взрослых 2 (по умолчанию), пропускаем
2026-08-22 13:48:31,034 [INFO] Кнопка 'Найти тур' нажата
2026-08-22 13:48:33,189 [INFO] Получен URL после поиска: https://www.onlinetours.ru/tours/50e25d2de786e7aa0282b5a1e652bf20?ticket_strategy=include
2026-08-22 13:48:43,617 [INFO] Выбор самой дешёвой даты (searchMinPriceData=true)...
2026-08-22 13:48:43,617 [INFO] Поиск блока с датами для выбора самой дешёвой даты...
2026-08-22 13:48:50,869 [INFO] Найдено 42 кнопок с процентами
2026-08-22 13:48:51,105 [INFO] Выбрана кнопка с минимальным процентом 47.833 (самая дешёвая дата)
2026-08-22 13:48:51,208 [INFO] Ожидание перезагрузки страницы после выбора даты...
2026-08-22 13:48:55,231 [INFO] Новый URL после выбора дешёвой даты: https://www.onlinetours.ru/tours/ec9c055de21bb030063ca905251a9419?ticket_strategy=include
2026-08-22 13:48:55,232 [INFO] Применение фильтров через параметры URL...
2026-08-22 13:48:55,233 [INFO] Новый URL с фильтрами: https://www.onlinetours.ru/tours/ec9c055de21bb030063ca905251a9419?ticket_strategy=include&sort=price&price_from=50000&price_to=2000000&rating=5
2026-08-22 13:48:58,158 [INFO] Финальный URL после фильтров: https://www.onlinetours.ru/tours/ec9c055de21bb030063ca905251a9419?ticket_strategy=include&sort=price&price_from=50000&price_to=2000000&rating=5
2026-08-22 13:49:08,654 [INFO] Минимальная цена: 116639
2026-08-22 13:49:08,678 [INFO] Итоговая дата изменилась: 7 - 15 сен
2026-08-22 13:49:09,985 [INFO] Драйвер закрыт
2026-08-22 13:49:09,986 [INFO] Сохранён #106
2026-08-22 13:49:09,986 [INFO]
============================================================
Москва -> остров Хайнань, даты 07.09.2026, ночей 7-8, взрослых 2, фильтры: {'price_min': 50000, 'price_max': 2000000, 'rating': 5, 'meal_ids': [], 'sort': 'price'}
============================================================
2026-08-22 13:49:17,908 [INFO] Главная страница загружена
2026-08-22 13:49:17,908 [INFO] Выбор 'Москва' в поле 'Город вылета'
2026-08-22 13:49:24,901 [WARNING] Выпадающий список не найден, пробуем нажать Enter
2026-08-22 13:49:25,929 [INFO] Значение 'Москва' выбрано через Enter
2026-08-22 13:49:25,929 [INFO] Выбор страны 'остров Хайнань' в поле 'Страна, курорт, отель'
2026-08-22 13:49:28,064 [INFO] Страна 'остров Хайнань' выбрана
2026-08-22 13:49:28,579 [INFO] Выбор дат: 07.09.2026 - 07.09.2026
2026-08-22 13:49:28,711 [INFO] Календарь открыт
2026-08-22 13:49:31,008 [INFO] Выбран день 7.9.2026
2026-08-22 13:49:32,802 [INFO] Выбран день 7.9.2026
2026-08-22 13:49:32,803 [INFO] Диапазон дат выбран
2026-08-22 13:49:33,813 [INFO] Выбор ночей: 7 - 8
2026-08-22 13:49:33,870 [INFO] Панель ночей открыта
2026-08-22 13:49:34,894 [INFO] Клик по контейнеру с числом 7 выполнен
2026-08-22 13:49:35,927 [INFO] Клик по контейнеру с числом 8 выполнен
2026-08-22 13:49:36,252 [INFO] Панель ночей закрыта
2026-08-22 13:49:36,761 [INFO] Взрослых 2 (по умолчанию), пропускаем
2026-08-22 13:49:37,307 [INFO] Кнопка 'Найти тур' нажата
2026-08-22 13:49:40,354 [INFO] Получен URL после поиска: https://www.onlinetours.ru/tours/0edfb6349c8d824b5b2667958fb2763f?ticket_strategy=include
2026-08-22 13:49:50,793 [INFO] Выбор самой дешёвой даты (searchMinPriceData=true)...
2026-08-22 13:49:50,793 [INFO] Поиск блока с датами для выбора самой дешёвой даты...
2026-08-22 13:49:50,807 [INFO] Найдено 45 кнопок с процентами
2026-08-22 13:49:50,978 [INFO] Выбрана кнопка с минимальным процентом 45.5185 (самая дешёвая дата)
2026-08-22 13:49:51,066 [INFO] Ожидание перезагрузки страницы после выбора даты...
2026-08-22 13:49:55,098 [INFO] Новый URL после выбора дешёвой даты: https://www.onlinetours.ru/tours/a09d0dadafd5a2f90e0805102c78e332?ticket_strategy=include
2026-08-22 13:49:55,098 [INFO] Применение фильтров через параметры URL...
2026-08-22 13:49:55,100 [INFO] Новый URL с фильтрами: https://www.onlinetours.ru/tours/a09d0dadafd5a2f90e0805102c78e332?ticket_strategy=include&sort=price&price_from=50000&price_to=2000000&rating=5
2026-08-22 13:49:57,689 [INFO] Финальный URL после фильтров: https://www.onlinetours.ru/tours/a09d0dadafd5a2f90e0805102c78e332?ticket_strategy=include&sort=price&price_from=50000&price_to=2000000&rating=5
2026-08-22 13:50:08,136 [INFO] Минимальная цена: 115972
2026-08-22 13:50:08,152 [INFO] Итоговая дата изменилась: 1 - 9 окт
2026-08-22 13:50:09,407 [INFO] Драйвер закрыт
2026-08-22 13:50:09,408 [INFO] Сохранён #107
2026-08-22 13:50:09,408 [INFO]
============================================================
Москва -> Вьетнам, даты 07.09.2026, ночей 7-8, взрослых 2, фильтры: {'price_min': 50000, 'price_max': 2000000, 'rating': 5, 'meal_ids': [], 'sort': 'price'}
============================================================
2026-08-22 13:50:16,715 [INFO] Главная страница загружена
2026-08-22 13:50:16,715 [INFO] Выбор 'Москва' в поле 'Город вылета'
2026-08-22 13:50:23,001 [WARNING] Выпадающий список не найден, пробуем нажать Enter
2026-08-22 13:50:24,029 [INFO] Значение 'Москва' выбрано через Enter
2026-08-22 13:50:24,029 [INFO] Выбор страны 'Вьетнам' в поле 'Страна, курорт, отель'
2026-08-22 13:50:26,065 [INFO] Страна 'Вьетнам' выбрана
2026-08-22 13:50:26,570 [INFO] Выбор дат: 07.09.2026 - 07.09.2026
2026-08-22 13:50:26,772 [INFO] Календарь открыт
2026-08-22 13:50:29,072 [INFO] Выбран день 7.9.2026
2026-08-22 13:50:30,824 [INFO] Выбран день 7.9.2026
2026-08-22 13:50:30,825 [INFO] Диапазон дат выбран
2026-08-22 13:50:31,835 [INFO] Выбор ночей: 7 - 8
2026-08-22 13:50:31,896 [INFO] Панель ночей открыта
2026-08-22 13:50:32,920 [INFO] Клик по контейнеру с числом 7 выполнен
2026-08-22 13:50:33,960 [INFO] Клик по контейнеру с числом 8 выполнен
2026-08-22 13:50:34,278 [INFO] Панель ночей закрыта
2026-08-22 13:50:34,790 [INFO] Взрослых 2 (по умолчанию), пропускаем
2026-08-22 13:50:35,359 [INFO] Кнопка 'Найти тур' нажата
2026-08-22 13:50:37,288 [INFO] Получен URL после поиска: https://www.onlinetours.ru/tours/a8986f9277ec48c02c09b33d590bc385?ticket_strategy=include
2026-08-22 13:50:47,719 [INFO] Выбор самой дешёвой даты (searchMinPriceData=true)...
2026-08-22 13:50:47,719 [INFO] Поиск блока с датами для выбора самой дешёвой даты...
2026-08-22 13:50:54,450 [INFO] Найдено 36 кнопок с процентами
2026-08-22 13:50:54,590 [INFO] Выбрана кнопка с минимальным процентом 29.317 (самая дешёвая дата)
2026-08-22 13:50:54,671 [INFO] Ожидание перезагрузки страницы после выбора даты...
2026-08-22 13:50:58,699 [INFO] Новый URL после выбора дешёвой даты: https://www.onlinetours.ru/tours/06d584d1d7a876204854d62d7e175212?ticket_strategy=include
2026-08-22 13:50:58,699 [INFO] Применение фильтров через параметры URL...
2026-08-22 13:50:58,700 [INFO] Новый URL с фильтрами: https://www.onlinetours.ru/tours/06d584d1d7a876204854d62d7e175212?ticket_strategy=include&sort=price&price_from=50000&price_to=2000000&rating=5
2026-08-22 13:51:01,265 [INFO] Финальный URL после фильтров: https://www.onlinetours.ru/tours/06d584d1d7a876204854d62d7e175212?ticket_strategy=include&sort=price&price_from=50000&price_to=2000000&rating=5
2026-08-22 13:51:11,635 [INFO] Минимальная цена: 108505
2026-08-22 13:51:11,664 [INFO] Итоговая дата изменилась: 23 - 31 авг
2026-08-22 13:51:12,923 [INFO] Драйвер закрыт
2026-08-22 13:51:12,924 [INFO] Сохранён #108
2026-08-22 13:51:12,924 [INFO]
============================================================
Москва -> Мальдивы, даты 07.09.2026, ночей 7-8, взрослых 2, фильтры: {'price_min': 50000, 'price_max': 2000000, 'rating': 5, 'meal_ids': [], 'sort': 'price'}
============================================================
2026-08-22 13:51:19,837 [INFO] Главная страница загружена
2026-08-22 13:51:19,837 [INFO] Выбор 'Москва' в поле 'Город вылета'
2026-08-22 13:51:26,594 [WARNING] Выпадающий список не найден, пробуем нажать Enter
2026-08-22 13:51:27,629 [INFO] Значение 'Москва' выбрано через Enter
2026-08-22 13:51:27,629 [INFO] Выбор страны 'Мальдивы' в поле 'Страна, курорт, отель'
2026-08-22 13:51:29,642 [INFO] Страна 'Мальдивы' выбрана
2026-08-22 13:51:30,153 [INFO] Выбор дат: 07.09.2026 - 07.09.2026
2026-08-22 13:51:30,301 [INFO] Календарь открыт
2026-08-22 13:51:32,601 [INFO] Выбран день 7.9.2026
2026-08-22 13:51:34,355 [INFO] Выбран день 7.9.2026
2026-08-22 13:51:34,356 [INFO] Диапазон дат выбран
2026-08-22 13:51:35,359 [INFO] Выбор ночей: 7 - 8
2026-08-22 13:51:35,420 [INFO] Панель ночей открыта
2026-08-22 13:51:36,459 [INFO] Клик по контейнеру с числом 7 выполнен
2026-08-22 13:51:37,502 [INFO] Клик по контейнеру с числом 8 выполнен
2026-08-22 13:51:37,820 [INFO] Панель ночей закрыта
2026-08-22 13:51:38,335 [INFO] Взрослых 2 (по умолчанию), пропускаем
2026-08-22 13:51:38,876 [INFO] Кнопка 'Найти тур' нажата
2026-08-22 13:51:40,994 [INFO] Получен URL после поиска: https://www.onlinetours.ru/tours/8337788d007cac538083e631355529d9?ticket_strategy=include
2026-08-22 13:51:51,367 [INFO] Выбор самой дешёвой даты (searchMinPriceData=true)...
2026-08-22 13:51:51,367 [INFO] Поиск блока с датами для выбора самой дешёвой даты...
2026-08-22 13:51:58,626 [INFO] Найдено 32 кнопок с процентами
2026-08-22 13:51:58,763 [INFO] Выбрана кнопка с минимальным процентом 20.059 (самая дешёвая дата)
2026-08-22 13:51:58,853 [INFO] Ожидание перезагрузки страницы после выбора даты...
2026-08-22 13:52:02,870 [INFO] Новый URL после выбора дешёвой даты: https://www.onlinetours.ru/tours/8a444da5d3c91d503336bc7c2868c9a9?ticket_strategy=include
2026-08-22 13:52:02,870 [INFO] Применение фильтров через параметры URL...
2026-08-22 13:52:02,872 [INFO] Новый URL с фильтрами: https://www.onlinetours.ru/tours/8a444da5d3c91d503336bc7c2868c9a9?ticket_strategy=include&sort=price&price_from=50000&price_to=2000000&rating=5
2026-08-22 13:52:05,467 [INFO] Финальный URL после фильтров: https://www.onlinetours.ru/tours/8a444da5d3c91d503336bc7c2868c9a9?ticket_strategy=include&sort=price&price_from=50000&price_to=2000000&rating=5
2026-08-22 13:52:15,832 [INFO] Минимальная цена: 164955
2026-08-22 13:52:15,859 [INFO] Итоговая дата изменилась: 8 - 16 сен
2026-08-22 13:52:17,115 [INFO] Драйвер закрыт
2026-08-22 13:52:17,116 [INFO] Сохранён #109
2026-08-22 13:52:17,116 [INFO]
============================================================
Санкт-Петербург -> Таиланд, даты 07.09.2026, ночей 7-8, взрослых 2, фильтры: {'price_min': 50000, 'price_max': 2000000, 'rating': 5, 'meal_ids': [], 'sort': 'price'}
============================================================
2026-08-22 13:52:24,495 [INFO] Главная страница загружена
2026-08-22 13:52:24,495 [INFO] Выбор 'Санкт-Петербург' в поле 'Город вылета'
2026-08-22 13:52:30,702 [WARNING] Выпадающий список не найден, пробуем нажать Enter
2026-08-22 13:52:31,731 [INFO] Значение 'Санкт-Петербург' выбрано через Enter
2026-08-22 13:52:31,731 [INFO] Выбор страны 'Таиланд' в поле 'Страна, курорт, отель'
2026-08-22 13:52:33,776 [INFO] Страна 'Таиланд' выбрана
2026-08-22 13:52:34,277 [INFO] Выбор дат: 07.09.2026 - 07.09.2026
2026-08-22 13:52:34,426 [INFO] Календарь открыт
2026-08-22 13:52:36,723 [INFO] Выбран день 7.9.2026
2026-08-22 13:52:38,483 [INFO] Выбран день 7.9.2026
2026-08-22 13:52:38,483 [INFO] Диапазон дат выбран
2026-08-22 13:52:39,492 [INFO] Выбор ночей: 7 - 8
2026-08-22 13:52:39,549 [INFO] Панель ночей открыта
2026-08-22 13:52:40,571 [INFO] Клик по контейнеру с числом 7 выполнен
2026-08-22 13:52:41,609 [INFO] Клик по контейнеру с числом 8 выполнен
2026-08-22 13:52:41,927 [INFO] Панель ночей закрыта
2026-08-22 13:52:42,429 [INFO] Взрослых 2 (по умолчанию), пропускаем
2026-08-22 13:52:42,973 [INFO] Кнопка 'Найти тур' нажата
2026-08-22 13:52:45,024 [INFO] Получен URL после поиска: https://www.onlinetours.ru/tours/5f4e99695b9efdb1ea13931c97378a86?ticket_strategy=include
2026-08-22 13:52:55,539 [INFO] Выбор самой дешёвой даты (searchMinPriceData=true)...
2026-08-22 13:52:55,539 [INFO] Поиск блока с датами для выбора самой дешёвой даты...
2026-08-22 13:53:02,291 [INFO] Найдено 25 кнопок с процентами
2026-08-22 13:53:02,390 [INFO] Выбрана кнопка с минимальным процентом 54.005 (самая дешёвая дата)
2026-08-22 13:53:02,476 [INFO] Ожидание перезагрузки страницы после выбора даты...
2026-08-22 13:53:06,495 [INFO] Новый URL после выбора дешёвой даты: https://www.onlinetours.ru/tours/547701ec71f991a80c59ed4ca4f374fd?ticket_strategy=include
2026-08-22 13:53:06,496 [INFO] Применение фильтров через параметры URL...
2026-08-22 13:53:06,497 [INFO] Новый URL с фильтрами: https://www.onlinetours.ru/tours/547701ec71f991a80c59ed4ca4f374fd?ticket_strategy=include&sort=price&price_from=50000&price_to=2000000&rating=5
2026-08-22 13:53:09,052 [INFO] Финальный URL после фильтров: https://www.onlinetours.ru/tours/547701ec71f991a80c59ed4ca4f374fd?ticket_strategy=include&sort=price&price_from=50000&price_to=2000000&rating=5
2026-08-22 13:53:19,464 [INFO] Минимальная цена: 150771
2026-08-22 13:53:19,490 [INFO] Итоговая дата изменилась: 5 - 13 сен
2026-08-22 13:53:20,776 [INFO] Драйвер закрыт
2026-08-22 13:53:20,776 [INFO] Сохранён #110
2026-08-22 13:53:20,777 [INFO]
============================================================
Санкт-Петербург -> остров Хайнань, даты 07.09.2026, ночей 7-8, взрослых 2, фильтры: {'price_min': 50000, 'price_max': 2000000, 'rating': 5, 'meal_ids': [], 'sort': 'price'}
============================================================
2026-08-22 13:53:28,017 [INFO] Главная страница загружена
2026-08-22 13:53:28,017 [INFO] Выбор 'Санкт-Петербург' в поле 'Город вылета'
2026-08-22 13:53:35,113 [WARNING] Выпадающий список не найден, пробуем нажать Enter
2026-08-22 13:53:36,141 [INFO] Значение 'Санкт-Петербург' выбрано через Enter
2026-08-22 13:53:36,141 [INFO] Выбор страны 'остров Хайнань' в поле 'Страна, курорт, отель'
2026-08-22 13:53:38,168 [INFO] Страна 'остров Хайнань' выбрана
2026-08-22 13:53:38,668 [INFO] Выбор дат: 07.09.2026 - 07.09.2026
2026-08-22 13:53:38,795 [INFO] Календарь открыт
2026-08-22 13:53:41,087 [INFO] Выбран день 7.9.2026
2026-08-22 13:53:42,864 [INFO] Выбран день 7.9.2026
2026-08-22 13:53:42,864 [INFO] Диапазон дат выбран
2026-08-22 13:53:43,873 [INFO] Выбор ночей: 7 - 8
2026-08-22 13:53:43,931 [INFO] Панель ночей открыта
2026-08-22 13:53:44,958 [INFO] Клик по контейнеру с числом 7 выполнен
2026-08-22 13:53:46,003 [INFO] Клик по контейнеру с числом 8 выполнен
2026-08-22 13:53:46,323 [INFO] Панель ночей закрыта
2026-08-22 13:53:46,839 [INFO] Взрослых 2 (по умолчанию), пропускаем
2026-08-22 13:53:47,376 [INFO] Кнопка 'Найти тур' нажата
2026-08-22 13:53:49,410 [INFO] Получен URL после поиска: https://www.onlinetours.ru/tours/d531716169182b357f627da6a8ea15e5?ticket_strategy=include
2026-08-22 13:53:59,887 [INFO] Выбор самой дешёвой даты (searchMinPriceData=true)...
2026-08-22 13:53:59,887 [INFO] Поиск блока с датами для выбора самой дешёвой даты...
2026-08-22 13:54:03,003 [INFO] Найдено 44 кнопок с процентами
2026-08-22 13:54:03,181 [INFO] Выбрана кнопка с минимальным процентом 28.5455 (самая дешёвая дата)
2026-08-22 13:54:03,272 [INFO] Ожидание перезагрузки страницы после выбора даты...
2026-08-22 13:54:07,294 [INFO] Новый URL после выбора дешёвой даты: https://www.onlinetours.ru/tours/54577194cf9c6f443508857d89f5a26b?ticket_strategy=include
2026-08-22 13:54:07,295 [INFO] Применение фильтров через параметры URL...
2026-08-22 13:54:07,296 [INFO] Новый URL с фильтрами: https://www.onlinetours.ru/tours/54577194cf9c6f443508857d89f5a26b?ticket_strategy=include&sort=price&price_from=50000&price_to=2000000&rating=5
2026-08-22 13:54:09,932 [INFO] Финальный URL после фильтров: https://www.onlinetours.ru/tours/54577194cf9c6f443508857d89f5a26b?ticket_strategy=include&sort=price&price_from=50000&price_to=2000000&rating=5
2026-08-22 13:54:20,363 [INFO] Минимальная цена: 106051
2026-08-22 13:54:20,389 [INFO] Итоговая дата изменилась: 27 сен - 5 окт
2026-08-22 13:54:21,665 [INFO] Драйвер закрыт
2026-08-22 13:54:21,666 [INFO] Сохранён #111
2026-08-22 13:54:21,667 [INFO]
============================================================
Санкт-Петербург -> Вьетнам, даты 07.09.2026, ночей 7-8, взрослых 2, фильтры: {'price_min': 50000, 'price_max': 2000000, 'rating': 5, 'meal_ids': [], 'sort': 'price'}
============================================================
2026-08-22 13:54:28,784 [INFO] Главная страница загружена
2026-08-22 13:54:28,784 [INFO] Выбор 'Санкт-Петербург' в поле 'Город вылета'
2026-08-22 13:54:34,999 [WARNING] Выпадающий список не найден, пробуем нажать Enter
2026-08-22 13:54:36,032 [INFO] Значение 'Санкт-Петербург' выбрано через Enter
2026-08-22 13:54:36,032 [INFO] Выбор страны 'Вьетнам' в поле 'Страна, курорт, отель'
2026-08-22 13:54:38,103 [INFO] Страна 'Вьетнам' выбрана
2026-08-22 13:54:38,610 [INFO] Выбор дат: 07.09.2026 - 07.09.2026
2026-08-22 13:54:38,738 [INFO] Календарь открыт
2026-08-22 13:54:41,026 [INFO] Выбран день 7.9.2026
2026-08-22 13:54:42,784 [INFO] Выбран день 7.9.2026
2026-08-22 13:54:42,784 [INFO] Диапазон дат выбран
2026-08-22 13:54:43,799 [INFO] Выбор ночей: 7 - 8
2026-08-22 13:54:43,861 [INFO] Панель ночей открыта
2026-08-22 13:54:44,893 [INFO] Клик по контейнеру с числом 7 выполнен
2026-08-22 13:54:45,927 [INFO] Клик по контейнеру с числом 8 выполнен
2026-08-22 13:54:46,262 [INFO] Панель ночей закрыта
2026-08-22 13:54:46,775 [INFO] Взрослых 2 (по умолчанию), пропускаем
2026-08-22 13:54:47,316 [INFO] Кнопка 'Найти тур' нажата
2026-08-22 13:54:49,045 [INFO] Получен URL после поиска: https://www.onlinetours.ru/tours/8e65d1ce1a80e31b8091d1b571cb2b13?ticket_strategy=include
2026-08-22 13:54:59,436 [INFO] Выбор самой дешёвой даты (searchMinPriceData=true)...
2026-08-22 13:54:59,436 [INFO] Поиск блока с датами для выбора самой дешёвой даты...
2026-08-22 13:55:03,602 [INFO] Найдено 13 кнопок с процентами
2026-08-22 13:55:03,658 [INFO] Выбрана кнопка с минимальным процентом 22.3735 (самая дешёвая дата)
2026-08-22 13:55:03,755 [INFO] Ожидание перезагрузки страницы после выбора даты...
2026-08-22 13:55:07,787 [INFO] Новый URL после выбора дешёвой даты: https://www.onlinetours.ru/tours/d27e523edb7079a6850dc38b5c8a40ab?ticket_strategy=include
2026-08-22 13:55:07,787 [INFO] Применение фильтров через параметры URL...
2026-08-22 13:55:07,788 [INFO] Новый URL с фильтрами: https://www.onlinetours.ru/tours/d27e523edb7079a6850dc38b5c8a40ab?ticket_strategy=include&sort=price&price_from=50000&price_to=2000000&rating=5
2026-08-22 13:55:10,531 [INFO] Финальный URL после фильтров: https://www.onlinetours.ru/tours/d27e523edb7079a6850dc38b5c8a40ab?ticket_strategy=include&sort=price&price_from=50000&price_to=2000000&rating=5
2026-08-22 13:55:20,903 [INFO] Минимальная цена: 145704
2026-08-22 13:55:20,920 [INFO] Итоговая дата изменилась: 30 сен - 8 окт
2026-08-22 13:55:22,204 [INFO] Драйвер закрыт
2026-08-22 13:55:22,205 [INFO] Сохранён #112
2026-08-22 13:55:22,205 [INFO]
============================================================
Санкт-Петербург -> Мальдивы, даты 07.09.2026, ночей 7-8, взрослых 2, фильтры: {'price_min': 50000, 'price_max': 2000000, 'rating': 5, 'meal_ids': [], 'sort': 'price'}
============================================================
2026-08-22 13:55:29,883 [INFO] Главная страница загружена
2026-08-22 13:55:29,884 [INFO] Выбор 'Санкт-Петербург' в поле 'Город вылета'
2026-08-22 13:55:36,160 [WARNING] Выпадающий список не найден, пробуем нажать Enter
2026-08-22 13:55:37,193 [INFO] Значение 'Санкт-Петербург' выбрано через Enter
2026-08-22 13:55:37,193 [INFO] Выбор страны 'Мальдивы' в поле 'Страна, курорт, отель'
2026-08-22 13:55:39,205 [INFO] Страна 'Мальдивы' выбрана
2026-08-22 13:55:39,706 [INFO] Выбор дат: 07.09.2026 - 07.09.2026
2026-08-22 13:55:39,835 [INFO] Календарь открыт
2026-08-22 13:55:42,111 [INFO] Выбран день 7.9.2026
2026-08-22 13:55:43,862 [INFO] Выбран день 7.9.2026
2026-08-22 13:55:43,862 [INFO] Диапазон дат выбран
2026-08-22 13:55:44,878 [INFO] Выбор ночей: 7 - 8
2026-08-22 13:55:44,937 [INFO] Панель ночей открыта
2026-08-22 13:55:45,959 [INFO] Клик по контейнеру с числом 7 выполнен
2026-08-22 13:55:46,995 [INFO] Клик по контейнеру с числом 8 выполнен
2026-08-22 13:55:47,314 [INFO] Панель ночей закрыта
2026-08-22 13:55:47,814 [INFO] Взрослых 2 (по умолчанию), пропускаем
2026-08-22 13:55:48,358 [INFO] Кнопка 'Найти тур' нажата
2026-08-22 13:55:50,668 [INFO] Получен URL после поиска: https://www.onlinetours.ru/tours/8269132663d88ecf6fde8b620dcf4588?ticket_strategy=include
2026-08-22 13:56:01,054 [INFO] Выбор самой дешёвой даты (searchMinPriceData=true)...
2026-08-22 13:56:01,054 [INFO] Поиск блока с датами для выбора самой дешёвой даты...
2026-08-22 13:56:06,761 [INFO] Найдено 11 кнопок с процентами
2026-08-22 13:56:06,809 [INFO] Выбрана кнопка с минимальным процентом 39.3465 (самая дешёвая дата)
2026-08-22 13:56:06,897 [INFO] Ожидание перезагрузки страницы после выбора даты...
2026-08-22 13:56:10,915 [INFO] Новый URL после выбора дешёвой даты: https://www.onlinetours.ru/tours/aa066d4f753079f94403c64658b95a3e?ticket_strategy=include
2026-08-22 13:56:10,916 [INFO] Применение фильтров через параметры URL...
2026-08-22 13:56:10,917 [INFO] Новый URL с фильтрами: https://www.onlinetours.ru/tours/aa066d4f753079f94403c64658b95a3e?ticket_strategy=include&sort=price&price_from=50000&price_to=2000000&rating=5
2026-08-22 13:56:13,472 [INFO] Финальный URL после фильтров: https://www.onlinetours.ru/tours/aa066d4f753079f94403c64658b95a3e?ticket_strategy=include&sort=price&price_from=50000&price_to=2000000&rating=5
2026-08-22 13:56:23,886 [INFO] Минимальная цена: 221799
2026-08-22 13:56:23,913 [INFO] Итоговая дата изменилась: 27 авг - 4 сен
2026-08-22 13:56:25,189 [INFO] Драйвер закрыт
2026-08-22 13:56:25,190 [INFO] Сохранён #113
2026-08-22 13:56:25,190 [INFO]
============================================================
Екатеринбург -> Таиланд, даты 07.09.2026, ночей 7-8, взрослых 2, фильтры: {'price_min': 50000, 'price_max': 2000000, 'rating': 5, 'meal_ids': [], 'sort': 'price'}
============================================================
2026-08-22 13:56:32,780 [INFO] Главная страница загружена
2026-08-22 13:56:32,780 [INFO] Выбор 'Екатеринбург' в поле 'Город вылета'
2026-08-22 13:56:39,344 [WARNING] Выпадающий список не найден, пробуем нажать Enter
2026-08-22 13:56:40,376 [INFO] Значение 'Екатеринбург' выбрано через Enter
2026-08-22 13:56:40,377 [INFO] Выбор страны 'Таиланд' в поле 'Страна, курорт, отель'
2026-08-22 13:56:42,370 [INFO] Страна 'Таиланд' выбрана
2026-08-22 13:56:42,872 [INFO] Выбор дат: 07.09.2026 - 07.09.2026
2026-08-22 13:56:42,992 [INFO] Календарь открыт
2026-08-22 13:56:45,340 [INFO] Выбран день 7.9.2026
2026-08-22 13:56:47,089 [INFO] Выбран день 7.9.2026
2026-08-22 13:56:47,089 [INFO] Диапазон дат выбран
2026-08-22 13:56:48,098 [INFO] Выбор ночей: 7 - 8
2026-08-22 13:56:48,159 [INFO] Панель ночей открыта
2026-08-22 13:56:49,185 [INFO] Клик по контейнеру с числом 7 выполнен
2026-08-22 13:56:50,227 [INFO] Клик по контейнеру с числом 8 выполнен
2026-08-22 13:56:50,546 [INFO] Панель ночей закрыта
2026-08-22 13:56:51,047 [INFO] Взрослых 2 (по умолчанию), пропускаем
2026-08-22 13:56:51,592 [INFO] Кнопка 'Найти тур' нажата
2026-08-22 13:56:53,464 [INFO] Получен URL после поиска: https://www.onlinetours.ru/tours/0691241e1c473bde52ff9322433b7741?ticket_strategy=include
2026-08-22 13:57:03,909 [INFO] Выбор самой дешёвой даты (searchMinPriceData=true)...
2026-08-22 13:57:03,910 [INFO] Поиск блока с датами для выбора самой дешёвой даты...
2026-08-22 13:57:13,724 [INFO] Найдено 9 кнопок с процентами
2026-08-22 13:57:13,762 [INFO] Выбрана кнопка с минимальным процентом 47.833 (самая дешёвая дата)
2026-08-22 13:57:13,855 [INFO] Ожидание перезагрузки страницы после выбора даты...
2026-08-22 13:57:17,887 [INFO] Новый URL после выбора дешёвой даты: https://www.onlinetours.ru/tours/03515fe6363a69d7cfe15a7a179c7caf?ticket_strategy=include
2026-08-22 13:57:17,887 [INFO] Применение фильтров через параметры URL...
2026-08-22 13:57:17,888 [INFO] Новый URL с фильтрами: https://www.onlinetours.ru/tours/03515fe6363a69d7cfe15a7a179c7caf?ticket_strategy=include&sort=price&price_from=50000&price_to=2000000&rating=5
2026-08-22 13:57:20,530 [INFO] Финальный URL после фильтров: https://www.onlinetours.ru/tours/03515fe6363a69d7cfe15a7a179c7caf?ticket_strategy=include&sort=price&price_from=50000&price_to=2000000&rating=5
2026-08-22 13:57:31,069 [INFO] Минимальная цена: 143979
2026-08-22 13:57:31,095 [INFO] Итоговая дата изменилась: 7 - 15 сен
2026-08-22 13:57:32,416 [INFO] Драйвер закрыт
2026-08-22 13:57:32,417 [INFO] Сохранён #114
2026-08-22 13:57:32,417 [INFO]
============================================================
Екатеринбург -> остров Хайнань, даты 07.09.2026, ночей 7-8, взрослых 2, фильтры: {'price_min': 50000, 'price_max': 2000000, 'rating': 5, 'meal_ids': [], 'sort': 'price'}
============================================================
2026-08-22 13:57:36,500 [INFO] Главная страница загружена
2026-08-22 13:57:36,500 [INFO] Выбор 'Екатеринбург' в поле 'Город вылета'
2026-08-22 13:57:46,063 [WARNING] Выпадающий список не найден, пробуем нажать Enter
2026-08-22 13:57:47,094 [INFO] Значение 'Екатеринбург' выбрано через Enter
2026-08-22 13:57:47,095 [INFO] Выбор страны 'остров Хайнань' в поле 'Страна, курорт, отель'
2026-08-22 13:57:49,170 [INFO] Страна 'остров Хайнань' выбрана
2026-08-22 13:57:49,683 [INFO] Выбор дат: 07.09.2026 - 07.09.2026
2026-08-22 13:57:49,806 [INFO] Календарь открыт
2026-08-22 13:57:52,110 [INFO] Выбран день 7.9.2026
2026-08-22 13:57:53,873 [INFO] Выбран день 7.9.2026
2026-08-22 13:57:53,873 [INFO] Диапазон дат выбран
2026-08-22 13:57:54,883 [INFO] Выбор ночей: 7 - 8
2026-08-22 13:57:54,945 [INFO] Панель ночей открыта
2026-08-22 13:57:55,979 [INFO] Клик по контейнеру с числом 7 выполнен
2026-08-22 13:57:57,008 [INFO] Клик по контейнеру с числом 8 выполнен
2026-08-22 13:57:57,325 [INFO] Панель ночей закрыта
2026-08-22 13:57:57,837 [INFO] Взрослых 2 (по умолчанию), пропускаем
2026-08-22 13:57:58,411 [INFO] Кнопка 'Найти тур' нажата
2026-08-22 13:58:01,000 [INFO] Получен URL после поиска: https://www.onlinetours.ru/tours/d020e9615629464e638e97422b20d02b?ticket_strategy=include
2026-08-22 13:58:11,073 [INFO] Выбор самой дешёвой даты (searchMinPriceData=true)...
2026-08-22 13:58:11,073 [INFO] Поиск блока с датами для выбора самой дешёвой даты...
2026-08-22 13:58:11,602 [INFO] Найдено 14 кнопок с процентами
2026-08-22 13:58:11,658 [INFO] Выбрана кнопка с минимальным процентом 28.5455 (самая дешёвая дата)
2026-08-22 13:58:11,751 [INFO] Ожидание перезагрузки страницы после выбора даты...
2026-08-22 13:58:15,776 [INFO] Новый URL после выбора дешёвой даты: https://www.onlinetours.ru/tours/fcf35a110c62e132fa28b7d89ff1450a?ticket_strategy=include
2026-08-22 13:58:15,776 [INFO] Применение фильтров через параметры URL...
2026-08-22 13:58:15,777 [INFO] Новый URL с фильтрами: https://www.onlinetours.ru/tours/fcf35a110c62e132fa28b7d89ff1450a?ticket_strategy=include&sort=price&price_from=50000&price_to=2000000&rating=5
2026-08-22 13:58:18,397 [INFO] Финальный URL после фильтров: https://www.onlinetours.ru/tours/fcf35a110c62e132fa28b7d89ff1450a?ticket_strategy=include&sort=price&price_from=50000&price_to=2000000&rating=5
2026-08-22 13:58:28,797 [INFO] Минимальная цена: 131529
2026-08-22 13:58:28,824 [INFO] Итоговая дата изменилась: 1 - 9 сен
2026-08-22 13:58:30,115 [INFO] Драйвер закрыт
2026-08-22 13:58:30,116 [INFO] Сохранён #115
2026-08-22 13:58:30,116 [INFO]
============================================================
Екатеринбург -> Вьетнам, даты 07.09.2026, ночей 7-8, взрослых 2, фильтры: {'price_min': 50000, 'price_max': 2000000, 'rating': 5, 'meal_ids': [], 'sort': 'price'}
============================================================
2026-08-22 13:58:37,285 [INFO] Главная страница загружена
2026-08-22 13:58:37,286 [INFO] Выбор 'Екатеринбург' в поле 'Город вылета'
2026-08-22 13:58:43,750 [WARNING] Выпадающий список не найден, пробуем нажать Enter
2026-08-22 13:58:44,778 [INFO] Значение 'Екатеринбург' выбрано через Enter
2026-08-22 13:58:44,778 [INFO] Выбор страны 'Вьетнам' в поле 'Страна, курорт, отель'
2026-08-22 13:58:46,826 [INFO] Страна 'Вьетнам' выбрана
2026-08-22 13:58:47,341 [INFO] Выбор дат: 07.09.2026 - 07.09.2026
2026-08-22 13:58:47,461 [INFO] Календарь открыт
2026-08-22 13:58:49,744 [INFO] Выбран день 7.9.2026
2026-08-22 13:58:51,514 [INFO] Выбран день 7.9.2026
2026-08-22 13:58:51,515 [INFO] Диапазон дат выбран
2026-08-22 13:58:52,519 [INFO] Выбор ночей: 7 - 8
2026-08-22 13:58:52,580 [INFO] Панель ночей открыта
2026-08-22 13:58:53,610 [INFO] Клик по контейнеру с числом 7 выполнен
2026-08-22 13:58:54,653 [INFO] Клик по контейнеру с числом 8 выполнен
2026-08-22 13:58:54,971 [INFO] Панель ночей закрыта
2026-08-22 13:58:55,472 [INFO] Взрослых 2 (по умолчанию), пропускаем
2026-08-22 13:58:56,051 [INFO] Кнопка 'Найти тур' нажата
2026-08-22 13:58:58,007 [INFO] Получен URL после поиска: https://www.onlinetours.ru/tours/f23a96bbe0701b3463b419b883527eab?ticket_strategy=include
2026-08-22 13:59:08,385 [INFO] Выбор самой дешёвой даты (searchMinPriceData=true)...
2026-08-22 13:59:08,386 [INFO] Поиск блока с датами для выбора самой дешёвой даты...
2026-08-22 13:59:15,669 [INFO] Найдено 18 кнопок с процентами
2026-08-22 13:59:15,741 [INFO] Выбрана кнопка с минимальным процентом 38.575 (самая дешёвая дата)
2026-08-22 13:59:15,826 [INFO] Ожидание перезагрузки страницы после выбора даты...
2026-08-22 13:59:19,855 [INFO] Новый URL после выбора дешёвой даты: https://www.onlinetours.ru/tours/8396f9f93a01861733180d0c05f1f6af?ticket_strategy=include
2026-08-22 13:59:19,855 [INFO] Применение фильтров через параметры URL...
2026-08-22 13:59:19,857 [INFO] Новый URL с фильтрами: https://www.onlinetours.ru/tours/8396f9f93a01861733180d0c05f1f6af?ticket_strategy=include&sort=price&price_from=50000&price_to=2000000&rating=5
2026-08-22 13:59:22,400 [INFO] Финальный URL после фильтров: https://www.onlinetours.ru/tours/8396f9f93a01861733180d0c05f1f6af?ticket_strategy=include&sort=price&price_from=50000&price_to=2000000&rating=5
2026-08-22 13:59:32,809 [INFO] Минимальная цена: 196293
2026-08-22 13:59:32,835 [INFO] Итоговая дата изменилась: 31 авг - 8 сен
2026-08-22 13:59:34,096 [INFO] Драйвер закрыт
2026-08-22 13:59:34,097 [INFO] Сохранён #116
2026-08-22 13:59:34,097 [INFO]
============================================================
Екатеринбург -> Мальдивы, даты 07.09.2026, ночей 7-8, взрослых 2, фильтры: {'price_min': 50000, 'price_max': 2000000, 'rating': 5, 'meal_ids': [], 'sort': 'price'}
============================================================
2026-08-22 13:59:38,208 [INFO] Главная страница загружена
2026-08-22 13:59:38,209 [INFO] Выбор 'Екатеринбург' в поле 'Город вылета'
2026-08-22 13:59:47,889 [WARNING] Выпадающий список не найден, пробуем нажать Enter
2026-08-22 13:59:48,921 [INFO] Значение 'Екатеринбург' выбрано через Enter
2026-08-22 13:59:48,921 [INFO] Выбор страны 'Мальдивы' в поле 'Страна, курорт, отель'
2026-08-22 13:59:50,986 [INFO] Страна 'Мальдивы' выбрана
2026-08-22 13:59:51,498 [INFO] Выбор дат: 07.09.2026 - 07.09.2026
2026-08-22 13:59:51,630 [INFO] Календарь открыт
2026-08-22 13:59:53,941 [INFO] Выбран день 7.9.2026
2026-08-22 13:59:55,702 [INFO] Выбран день 7.9.2026
2026-08-22 13:59:55,703 [INFO] Диапазон дат выбран
2026-08-22 13:59:56,704 [INFO] Выбор ночей: 7 - 8
2026-08-22 13:59:56,761 [INFO] Панель ночей открыта
2026-08-22 13:59:57,785 [INFO] Клик по контейнеру с числом 7 выполнен
2026-08-22 13:59:58,828 [INFO] Клик по контейнеру с числом 8 выполнен
2026-08-22 13:59:59,147 [INFO] Панель ночей закрыта
2026-08-22 13:59:59,647 [INFO] Взрослых 2 (по умолчанию), пропускаем
2026-08-22 14:00:00,217 [INFO] Кнопка 'Найти тур' нажата
2026-08-22 14:00:02,283 [INFO] Получен URL после поиска: https://www.onlinetours.ru/tours/5e27d6b0548ddc6c4666cba191b7e211?ticket_strategy=include
2026-08-22 14:00:12,797 [INFO] Выбор самой дешёвой даты (searchMinPriceData=true)...
2026-08-22 14:00:12,797 [INFO] Поиск блока с датами для выбора самой дешёвой даты...
2026-08-22 14:00:23,708 [INFO] Найдено 9 кнопок с процентами
2026-08-22 14:00:23,750 [INFO] Выбрана кнопка с минимальным процентом 34.7175 (самая дешёвая дата)
2026-08-22 14:00:23,835 [INFO] Ожидание перезагрузки страницы после выбора даты...
2026-08-22 14:00:27,865 [INFO] Новый URL после выбора дешёвой даты: https://www.onlinetours.ru/tours/163cd193b6c8f634066f07713a8c7f47?ticket_strategy=include
2026-08-22 14:00:27,866 [INFO] Применение фильтров через параметры URL...
2026-08-22 14:00:27,867 [INFO] Новый URL с фильтрами: https://www.onlinetours.ru/tours/163cd193b6c8f634066f07713a8c7f47?ticket_strategy=include&sort=price&price_from=50000&price_to=2000000&rating=5
2026-08-22 14:00:30,489 [INFO] Финальный URL после фильтров: https://www.onlinetours.ru/tours/163cd193b6c8f634066f07713a8c7f47?ticket_strategy=include&sort=price&price_from=50000&price_to=2000000&rating=5
2026-08-22 14:00:41,000 [INFO] Минимальная цена: 244852
2026-08-22 14:00:41,025 [INFO] Итоговая дата изменилась: 7 - 15 сен
2026-08-22 14:00:42,318 [INFO] Драйвер закрыт
2026-08-22 14:00:42,319 [INFO] Сохранён #117
2026-08-22 14:00:42,319 [INFO]
============================================================
Казань -> Таиланд, даты 07.09.2026, ночей 7-8, взрослых 2, фильтры: {'price_min': 50000, 'price_max': 2000000, 'rating': 5, 'meal_ids': [], 'sort': 'price'}
============================================================
2026-08-22 14:00:49,782 [INFO] Главная страница загружена
2026-08-22 14:00:49,782 [INFO] Выбор 'Казань' в поле 'Город вылета'
2026-08-22 14:00:56,061 [WARNING] Выпадающий список не найден, пробуем нажать Enter
2026-08-22 14:00:57,095 [INFO] Значение 'Казань' выбрано через Enter
2026-08-22 14:00:57,095 [INFO] Выбор страны 'Таиланд' в поле 'Страна, курорт, отель'
2026-08-22 14:00:59,127 [INFO] Страна 'Таиланд' выбрана
2026-08-22 14:00:59,640 [INFO] Выбор дат: 07.09.2026 - 07.09.2026
2026-08-22 14:00:59,766 [INFO] Календарь открыт
2026-08-22 14:01:02,049 [INFO] Выбран день 7.9.2026
2026-08-22 14:01:03,819 [INFO] Выбран день 7.9.2026
2026-08-22 14:01:03,819 [INFO] Диапазон дат выбран
2026-08-22 14:01:04,820 [INFO] Выбор ночей: 7 - 8
2026-08-22 14:01:04,880 [INFO] Панель ночей открыта
2026-08-22 14:01:05,912 [INFO] Клик по контейнеру с числом 7 выполнен
2026-08-22 14:01:06,952 [INFO] Клик по контейнеру с числом 8 выполнен
2026-08-22 14:01:07,272 [INFO] Панель ночей закрыта
2026-08-22 14:01:07,773 [INFO] Взрослых 2 (по умолчанию), пропускаем
2026-08-22 14:01:08,318 [INFO] Кнопка 'Найти тур' нажата
2026-08-22 14:01:10,443 [INFO] Получен URL после поиска: https://www.onlinetours.ru/tours/9ebda50bf6db56adb37e7515797afebe?ticket_strategy=include
2026-08-22 14:01:20,954 [INFO] Выбор самой дешёвой даты (searchMinPriceData=true)...
2026-08-22 14:01:20,954 [INFO] Поиск блока с датами для выбора самой дешёвой даты...
2026-08-22 14:01:30,790 [INFO] Найдено 1 кнопок с процентами
2026-08-22 14:01:30,796 [INFO] Выбрана кнопка с минимальным процентом 77.15 (самая дешёвая дата)
2026-08-22 14:01:30,886 [INFO] Ожидание перезагрузки страницы после выбора даты...
2026-08-22 14:01:34,918 [INFO] Новый URL после выбора дешёвой даты: https://www.onlinetours.ru/tours/a23fdf507c3bc9b5a69266680867d666?ticket_strategy=include
2026-08-22 14:01:34,918 [INFO] Применение фильтров через параметры URL...
2026-08-22 14:01:34,921 [INFO] Новый URL с фильтрами: https://www.onlinetours.ru/tours/a23fdf507c3bc9b5a69266680867d666?ticket_strategy=include&sort=price&price_from=50000&price_to=2000000&rating=5
2026-08-22 14:01:37,495 [INFO] Финальный URL после фильтров: https://www.onlinetours.ru/tours/a23fdf507c3bc9b5a69266680867d666?ticket_strategy=include&sort=price&price_from=50000&price_to=2000000&rating=5
2026-08-22 14:01:48,041 [INFO] Минимальная цена: 150398
2026-08-22 14:01:48,062 [INFO] Итоговая дата изменилась: 7 - 15 сен
2026-08-22 14:01:49,358 [INFO] Драйвер закрыт
2026-08-22 14:01:49,359 [INFO] Сохранён #118
2026-08-22 14:01:49,359 [INFO]
============================================================
Казань -> остров Хайнань, даты 07.09.2026, ночей 7-8, взрослых 2, фильтры: {'price_min': 50000, 'price_max': 2000000, 'rating': 5, 'meal_ids': [], 'sort': 'price'}
============================================================
2026-08-22 14:01:56,150 [INFO] Главная страница загружена
2026-08-22 14:01:56,154 [INFO] Выбор 'Казань' в поле 'Город вылета'
2026-08-22 14:02:02,295 [WARNING] Выпадающий список не найден, пробуем нажать Enter
2026-08-22 14:02:03,322 [INFO] Значение 'Казань' выбрано через Enter
2026-08-22 14:02:03,323 [INFO] Выбор страны 'остров Хайнань' в поле 'Страна, курорт, отель'
2026-08-22 14:02:05,383 [INFO] Страна 'остров Хайнань' выбрана
2026-08-22 14:02:05,884 [INFO] Выбор дат: 07.09.2026 - 07.09.2026
2026-08-22 14:02:06,009 [INFO] Календарь открыт
2026-08-22 14:02:08,286 [INFO] Выбран день 7.9.2026
2026-08-22 14:02:10,052 [INFO] Выбран день 7.9.2026
2026-08-22 14:02:10,052 [INFO] Диапазон дат выбран
2026-08-22 14:02:11,056 [INFO] Выбор ночей: 7 - 8
2026-08-22 14:02:11,114 [INFO] Панель ночей открыта
2026-08-22 14:02:12,140 [INFO] Клик по контейнеру с числом 7 выполнен
2026-08-22 14:02:13,181 [INFO] Клик по контейнеру с числом 8 выполнен
2026-08-22 14:02:13,514 [INFO] Панель ночей закрыта
2026-08-22 14:02:14,028 [INFO] Взрослых 2 (по умолчанию), пропускаем
2026-08-22 14:02:14,601 [INFO] Кнопка 'Найти тур' нажата
2026-08-22 14:02:16,677 [INFO] Получен URL после поиска: https://www.onlinetours.ru/tours/7be745587d81c3f79ceab50c28826122?ticket_strategy=include
2026-08-22 14:02:27,087 [INFO] Выбор самой дешёвой даты (searchMinPriceData=true)...
2026-08-22 14:02:27,087 [INFO] Поиск блока с датами для выбора самой дешёвой даты...
2026-08-22 14:02:41,546 [INFO] Найдено 18 кнопок с процентами
2026-08-22 14:02:41,618 [INFO] Выбрана кнопка с минимальным процентом 37.032 (самая дешёвая дата)
2026-08-22 14:02:41,701 [INFO] Ожидание перезагрузки страницы после выбора даты...
2026-08-22 14:02:45,732 [INFO] Новый URL после выбора дешёвой даты: https://www.onlinetours.ru/tours/1d2406a4f45e961a0ea41e8a0277a64e?ticket_strategy=include
2026-08-22 14:02:45,732 [INFO] Применение фильтров через параметры URL...
2026-08-22 14:02:45,733 [INFO] Новый URL с фильтрами: https://www.onlinetours.ru/tours/1d2406a4f45e961a0ea41e8a0277a64e?ticket_strategy=include&sort=price&price_from=50000&price_to=2000000&rating=5
2026-08-22 14:02:48,389 [INFO] Финальный URL после фильтров: https://www.onlinetours.ru/tours/1d2406a4f45e961a0ea41e8a0277a64e?ticket_strategy=include&sort=price&price_from=50000&price_to=2000000&rating=5
2026-08-22 14:02:58,868 [INFO] Минимальная цена: 138774
2026-08-22 14:02:58,899 [INFO] Итоговая дата изменилась: 28 авг - 5 сен
2026-08-22 14:03:00,233 [INFO] Драйвер закрыт
2026-08-22 14:03:00,234 [INFO] Сохранён #119
2026-08-22 14:03:00,234 [INFO]
============================================================
Казань -> Вьетнам, даты 07.09.2026, ночей 7-8, взрослых 2, фильтры: {'price_min': 50000, 'price_max': 2000000, 'rating': 5, 'meal_ids': [], 'sort': 'price'}
============================================================
2026-08-22 14:03:07,804 [INFO] Главная страница загружена
2026-08-22 14:03:07,804 [INFO] Выбор 'Казань' в поле 'Город вылета'
2026-08-22 14:03:14,278 [WARNING] Выпадающий список не найден, пробуем нажать Enter
2026-08-22 14:03:15,308 [INFO] Значение 'Казань' выбрано через Enter
2026-08-22 14:03:15,309 [INFO] Выбор страны 'Вьетнам' в поле 'Страна, курорт, отель'
2026-08-22 14:03:17,336 [INFO] Страна 'Вьетнам' выбрана
2026-08-22 14:03:17,851 [INFO] Выбор дат: 07.09.2026 - 07.09.2026
2026-08-22 14:03:17,984 [INFO] Календарь открыт
2026-08-22 14:03:20,325 [INFO] Выбран день 7.9.2026
2026-08-22 14:03:22,075 [INFO] Выбран день 7.9.2026
2026-08-22 14:03:22,075 [INFO] Диапазон дат выбран
2026-08-22 14:03:23,083 [INFO] Выбор ночей: 7 - 8
2026-08-22 14:03:23,171 [INFO] Панель ночей открыта
2026-08-22 14:03:24,207 [INFO] Клик по контейнеру с числом 7 выполнен
2026-08-22 14:03:25,253 [INFO] Клик по контейнеру с числом 8 выполнен
2026-08-22 14:03:25,570 [INFO] Панель ночей закрыта
2026-08-22 14:03:26,072 [INFO] Взрослых 2 (по умолчанию), пропускаем
2026-08-22 14:03:26,628 [INFO] Кнопка 'Найти тур' нажата
2026-08-22 14:03:28,376 [INFO] Получен URL после поиска: https://www.onlinetours.ru/tours/c250840b69593503add2b7b76de4cd94?ticket_strategy=include
2026-08-22 14:03:38,761 [INFO] Выбор самой дешёвой даты (searchMinPriceData=true)...
2026-08-22 14:03:38,761 [INFO] Поиск блока с датами для выбора самой дешёвой даты...
2026-08-22 14:03:43,920 [INFO] Найдено 23 кнопок с процентами
2026-08-22 14:03:44,011 [INFO] Выбрана кнопка с минимальным процентом 30.0885 (самая дешёвая дата)
2026-08-22 14:03:44,110 [INFO] Ожидание перезагрузки страницы после выбора даты...
2026-08-22 14:03:48,130 [INFO] Новый URL после выбора дешёвой даты: https://www.onlinetours.ru/tours/937cf43d9a249316ee56901b1f98bc5f?ticket_strategy=include
2026-08-22 14:03:48,130 [INFO] Применение фильтров через параметры URL...
2026-08-22 14:03:48,131 [INFO] Новый URL с фильтрами: https://www.onlinetours.ru/tours/937cf43d9a249316ee56901b1f98bc5f?ticket_strategy=include&sort=price&price_from=50000&price_to=2000000&rating=5
2026-08-22 14:03:50,772 [INFO] Финальный URL после фильтров: https://www.onlinetours.ru/tours/937cf43d9a249316ee56901b1f98bc5f?ticket_strategy=include&sort=price&price_from=50000&price_to=2000000&rating=5
2026-08-22 14:04:01,210 [INFO] Минимальная цена: 129771
2026-08-22 14:04:01,230 [INFO] Итоговая дата изменилась: 7 - 15 окт
2026-08-22 14:04:02,673 [INFO] Драйвер закрыт
2026-08-22 14:04:02,673 [INFO] Сохранён #120
2026-08-22 14:04:02,674 [INFO]
============================================================
Казань -> Мальдивы, даты 07.09.2026, ночей 7-8, взрослых 2, фильтры: {'price_min': 50000, 'price_max': 2000000, 'rating': 5, 'meal_ids': [], 'sort': 'price'}
============================================================
2026-08-22 14:04:09,605 [INFO] Главная страница загружена
2026-08-22 14:04:09,605 [INFO] Выбор 'Казань' в поле 'Город вылета'
2026-08-22 14:04:15,676 [WARNING] Выпадающий список не найден, пробуем нажать Enter
2026-08-22 14:04:16,700 [INFO] Значение 'Казань' выбрано через Enter
2026-08-22 14:04:16,700 [INFO] Выбор страны 'Мальдивы' в поле 'Страна, курорт, отель'
2026-08-22 14:04:18,716 [INFO] Страна 'Мальдивы' выбрана
2026-08-22 14:04:19,216 [INFO] Выбор дат: 07.09.2026 - 07.09.2026
2026-08-22 14:04:19,368 [INFO] Календарь открыт
2026-08-22 14:04:21,682 [INFO] Выбран день 7.9.2026
2026-08-22 14:04:23,454 [INFO] Выбран день 7.9.2026
2026-08-22 14:04:23,454 [INFO] Диапазон дат выбран
2026-08-22 14:04:24,466 [INFO] Выбор ночей: 7 - 8
2026-08-22 14:04:24,522 [INFO] Панель ночей открыта
2026-08-22 14:04:25,555 [INFO] Клик по контейнеру с числом 7 выполнен
2026-08-22 14:04:26,601 [INFO] Клик по контейнеру с числом 8 выполнен
2026-08-22 14:04:26,920 [INFO] Панель ночей закрыта
2026-08-22 14:04:27,430 [INFO] Взрослых 2 (по умолчанию), пропускаем
2026-08-22 14:04:27,973 [INFO] Кнопка 'Найти тур' нажата
2026-08-22 14:04:30,020 [INFO] Получен URL после поиска: https://www.onlinetours.ru/tours/604178ce646d47c3b850f14f38bd691c?ticket_strategy=include
2026-08-22 14:04:40,118 [INFO] Выбор самой дешёвой даты (searchMinPriceData=true)...
2026-08-22 14:04:40,118 [INFO] Поиск блока с датами для выбора самой дешёвой даты...
2026-08-22 14:04:49,896 [INFO] Найдено 1 кнопок с процентами
2026-08-22 14:04:49,904 [INFO] Выбрана кнопка с минимальным процентом 77.15 (самая дешёвая дата)
2026-08-22 14:04:49,994 [INFO] Ожидание перезагрузки страницы после выбора даты...
2026-08-22 14:04:54,021 [INFO] Новый URL после выбора дешёвой даты: https://www.onlinetours.ru/tours/a54b29598f551b07e4699b1e969b622c?ticket_strategy=include
2026-08-22 14:04:54,021 [INFO] Применение фильтров через параметры URL...
2026-08-22 14:04:54,024 [INFO] Новый URL с фильтрами: https://www.onlinetours.ru/tours/a54b29598f551b07e4699b1e969b622c?ticket_strategy=include&sort=price&price_from=50000&price_to=2000000&rating=5
2026-08-22 14:04:56,603 [INFO] Финальный URL после фильтров: https://www.onlinetours.ru/tours/a54b29598f551b07e4699b1e969b622c?ticket_strategy=include&sort=price&price_from=50000&price_to=2000000&rating=5
2026-08-22 14:05:07,079 [INFO] Минимальная цена: 237797
2026-08-22 14:05:07,100 [INFO] Итоговая дата изменилась: 7 - 15 сен
2026-08-22 14:05:08,439 [INFO] Драйвер закрыт
2026-08-22 14:05:08,440 [INFO] Сохранён #121
2026-08-22 14:05:08,440 [INFO]
============================================================
Нижний Новгород -> Таиланд, даты 07.09.2026, ночей 7-8, взрослых 2, фильтры: {'price_min': 50000, 'price_max': 2000000, 'rating': 5, 'meal_ids': [], 'sort': 'price'}
============================================================
2026-08-22 14:05:16,091 [INFO] Главная страница загружена
2026-08-22 14:05:16,091 [INFO] Выбор 'Нижний Новгород' в поле 'Город вылета'
2026-08-22 14:05:22,494 [WARNING] Выпадающий список не найден, пробуем нажать Enter
2026-08-22 14:05:23,526 [INFO] Значение 'Нижний Новгород' выбрано через Enter
2026-08-22 14:05:23,526 [INFO] Выбор страны 'Таиланд' в поле 'Страна, курорт, отель'
2026-08-22 14:05:25,528 [INFO] Страна 'Таиланд' выбрана
2026-08-22 14:05:26,043 [INFO] Выбор дат: 07.09.2026 - 07.09.2026
2026-08-22 14:05:26,175 [INFO] Календарь открыт
2026-08-22 14:05:28,455 [INFO] Выбран день 7.9.2026
2026-08-22 14:05:30,217 [INFO] Выбран день 7.9.2026
2026-08-22 14:05:30,218 [INFO] Диапазон дат выбран
2026-08-22 14:05:31,227 [INFO] Выбор ночей: 7 - 8
2026-08-22 14:05:31,284 [INFO] Панель ночей открыта
2026-08-22 14:05:32,318 [INFO] Клик по контейнеру с числом 7 выполнен
2026-08-22 14:05:33,357 [INFO] Клик по контейнеру с числом 8 выполнен
2026-08-22 14:05:33,677 [INFO] Панель ночей закрыта
2026-08-22 14:05:34,179 [INFO] Взрослых 2 (по умолчанию), пропускаем
2026-08-22 14:05:34,724 [INFO] Кнопка 'Найти тур' нажата
2026-08-22 14:05:36,809 [INFO] Получен URL после поиска: https://www.onlinetours.ru/tours/bbf852328131b9825d18d67eefb919b3?ticket_strategy=include
2026-08-22 14:05:46,843 [INFO] Выбор самой дешёвой даты (searchMinPriceData=true)...
2026-08-22 14:05:46,844 [INFO] Поиск блока с датами для выбора самой дешёвой даты...
2026-08-22 14:05:56,644 [INFO] Найдено 1 кнопок с процентами
2026-08-22 14:05:56,649 [INFO] Выбрана кнопка с минимальным процентом 77.15 (самая дешёвая дата)
2026-08-22 14:05:56,754 [INFO] Ожидание перезагрузки страницы после выбора даты...
2026-08-22 14:06:00,781 [INFO] Новый URL после выбора дешёвой даты: https://www.onlinetours.ru/tours/d4fe337b8150b65d60f6cafdc47dd75a?ticket_strategy=include
2026-08-22 14:06:00,781 [INFO] Применение фильтров через параметры URL...
2026-08-22 14:06:00,782 [INFO] Новый URL с фильтрами: https://www.onlinetours.ru/tours/d4fe337b8150b65d60f6cafdc47dd75a?ticket_strategy=include&sort=price&price_from=50000&price_to=2000000&rating=5
2026-08-22 14:06:03,404 [INFO] Финальный URL после фильтров: https://www.onlinetours.ru/tours/d4fe337b8150b65d60f6cafdc47dd75a?ticket_strategy=include&sort=price&price_from=50000&price_to=2000000&rating=5
2026-08-22 14:06:13,894 [INFO] Минимальная цена: 145606
2026-08-22 14:06:13,915 [INFO] Итоговая дата изменилась: 7 - 15 сен
2026-08-22 14:06:15,223 [INFO] Драйвер закрыт
2026-08-22 14:06:15,224 [INFO] Сохранён #122
2026-08-22 14:06:15,224 [INFO]
============================================================
Нижний Новгород -> остров Хайнань, даты 07.09.2026, ночей 7-8, взрослых 2, фильтры: {'price_min': 50000, 'price_max': 2000000, 'rating': 5, 'meal_ids': [], 'sort': 'price'}
============================================================
2026-08-22 14:06:22,911 [INFO] Главная страница загружена
2026-08-22 14:06:22,911 [INFO] Выбор 'Нижний Новгород' в поле 'Город вылета'
2026-08-22 14:06:29,017 [WARNING] Выпадающий список не найден, пробуем нажать Enter
2026-08-22 14:06:30,049 [INFO] Значение 'Нижний Новгород' выбрано через Enter
2026-08-22 14:06:30,049 [INFO] Выбор страны 'остров Хайнань' в поле 'Страна, курорт, отель'
2026-08-22 14:06:32,136 [INFO] Страна 'остров Хайнань' выбрана
2026-08-22 14:06:32,651 [INFO] Выбор дат: 07.09.2026 - 07.09.2026
2026-08-22 14:06:32,783 [INFO] Календарь открыт
2026-08-22 14:06:35,085 [INFO] Выбран день 7.9.2026
2026-08-22 14:06:36,857 [INFO] Выбран день 7.9.2026
2026-08-22 14:06:36,858 [INFO] Диапазон дат выбран
2026-08-22 14:06:37,872 [INFO] Выбор ночей: 7 - 8
2026-08-22 14:06:37,937 [INFO] Панель ночей открыта
2026-08-22 14:06:38,967 [INFO] Клик по контейнеру с числом 7 выполнен
2026-08-22 14:06:40,001 [INFO] Клик по контейнеру с числом 8 выполнен
2026-08-22 14:06:40,319 [INFO] Панель ночей закрыта
2026-08-22 14:06:40,835 [INFO] Взрослых 2 (по умолчанию), пропускаем
2026-08-22 14:06:41,377 [INFO] Кнопка 'Найти тур' нажата
2026-08-22 14:06:43,348 [INFO] Получен URL после поиска: https://www.onlinetours.ru/tours/324d19bbae9159dc09393ea218d3557b?ticket_strategy=include
2026-08-22 14:06:53,768 [INFO] Выбор самой дешёвой даты (searchMinPriceData=true)...
2026-08-22 14:06:53,768 [INFO] Поиск блока с датами для выбора самой дешёвой даты...
2026-08-22 14:06:55,842 [INFO] Найдено 1 кнопок с процентами
2026-08-22 14:06:55,853 [INFO] Выбрана кнопка с минимальным процентом 77.15 (самая дешёвая дата)
2026-08-22 14:06:55,940 [INFO] Ожидание перезагрузки страницы после выбора даты...
2026-08-22 14:06:59,966 [INFO] Новый URL после выбора дешёвой даты: https://www.onlinetours.ru/tours/6b80d1e1e0c37501834875a8b90fb8dc?ticket_strategy=include
2026-08-22 14:06:59,967 [INFO] Применение фильтров через параметры URL...
2026-08-22 14:06:59,969 [INFO] Новый URL с фильтрами: https://www.onlinetours.ru/tours/6b80d1e1e0c37501834875a8b90fb8dc?ticket_strategy=include&sort=price&price_from=50000&price_to=2000000&rating=5
2026-08-22 14:07:02,564 [INFO] Финальный URL после фильтров: https://www.onlinetours.ru/tours/6b80d1e1e0c37501834875a8b90fb8dc?ticket_strategy=include&sort=price&price_from=50000&price_to=2000000&rating=5
2026-08-22 14:07:12,960 [INFO] Минимальная цена: 166683
2026-08-22 14:07:12,979 [INFO] Итоговая дата изменилась: 7 - 15 сен
2026-08-22 14:07:14,238 [INFO] Драйвер закрыт
2026-08-22 14:07:14,239 [INFO] Сохранён #123
2026-08-22 14:07:14,239 [INFO]
============================================================
Нижний Новгород -> Вьетнам, даты 07.09.2026, ночей 7-8, взрослых 2, фильтры: {'price_min': 50000, 'price_max': 2000000, 'rating': 5, 'meal_ids': [], 'sort': 'price'}
============================================================
2026-08-22 14:07:21,669 [INFO] Главная страница загружена
2026-08-22 14:07:21,669 [INFO] Выбор 'Нижний Новгород' в поле 'Город вылета'
2026-08-22 14:07:28,053 [WARNING] Выпадающий список не найден, пробуем нажать Enter
2026-08-22 14:07:29,086 [INFO] Значение 'Нижний Новгород' выбрано через Enter
2026-08-22 14:07:29,087 [INFO] Выбор страны 'Вьетнам' в поле 'Страна, курорт, отель'
2026-08-22 14:07:31,139 [INFO] Страна 'Вьетнам' выбрана
2026-08-22 14:07:31,640 [INFO] Выбор дат: 07.09.2026 - 07.09.2026
2026-08-22 14:07:31,758 [INFO] Календарь открыт
2026-08-22 14:07:34,100 [INFO] Выбран день 7.9.2026
2026-08-22 14:07:35,847 [INFO] Выбран день 7.9.2026
2026-08-22 14:07:35,847 [INFO] Диапазон дат выбран
2026-08-22 14:07:36,855 [INFO] Выбор ночей: 7 - 8
2026-08-22 14:07:36,914 [INFO] Панель ночей открыта
2026-08-22 14:07:37,947 [INFO] Клик по контейнеру с числом 7 выполнен
2026-08-22 14:07:38,988 [INFO] Клик по контейнеру с числом 8 выполнен
2026-08-22 14:07:39,305 [INFO] Панель ночей закрыта
2026-08-22 14:07:39,820 [INFO] Взрослых 2 (по умолчанию), пропускаем
2026-08-22 14:07:40,357 [INFO] Кнопка 'Найти тур' нажата
2026-08-22 14:07:42,326 [INFO] Получен URL после поиска: https://www.onlinetours.ru/tours/b88726f0e159cdeb9a2f66f6860c1c82?ticket_strategy=include
2026-08-22 14:07:52,334 [INFO] Выбор самой дешёвой даты (searchMinPriceData=true)...
2026-08-22 14:07:52,334 [INFO] Поиск блока с датами для выбора самой дешёвой даты...
2026-08-22 14:07:55,465 [INFO] Найдено 1 кнопок с процентами
2026-08-22 14:07:55,471 [INFO] Выбрана кнопка с минимальным процентом 77.15 (самая дешёвая дата)
2026-08-22 14:07:55,560 [INFO] Ожидание перезагрузки страницы после выбора даты...
2026-08-22 14:07:59,584 [INFO] Новый URL после выбора дешёвой даты: https://www.onlinetours.ru/tours/f8eedcc70fe19d5710dcf8d407a3adfa?ticket_strategy=include
2026-08-22 14:07:59,584 [INFO] Применение фильтров через параметры URL...
2026-08-22 14:07:59,585 [INFO] Новый URL с фильтрами: https://www.onlinetours.ru/tours/f8eedcc70fe19d5710dcf8d407a3adfa?ticket_strategy=include&sort=price&price_from=50000&price_to=2000000&rating=5
2026-08-22 14:08:02,190 [INFO] Финальный URL после фильтров: https://www.onlinetours.ru/tours/f8eedcc70fe19d5710dcf8d407a3adfa?ticket_strategy=include&sort=price&price_from=50000&price_to=2000000&rating=5
2026-08-22 14:08:12,631 [INFO] Минимальная цена: 177727
2026-08-22 14:08:12,653 [INFO] Итоговая дата изменилась: 7 - 15 сен
2026-08-22 14:08:13,944 [INFO] Драйвер закрыт
2026-08-22 14:08:13,945 [INFO] Сохранён #124
2026-08-22 14:08:13,945 [INFO]
============================================================
Нижний Новгород -> Мальдивы, даты 07.09.2026, ночей 7-8, взрослых 2, фильтры: {'price_min': 50000, 'price_max': 2000000, 'rating': 5, 'meal_ids': [], 'sort': 'price'}
============================================================
2026-08-22 14:08:21,075 [INFO] Главная страница загружена
2026-08-22 14:08:21,075 [INFO] Выбор 'Нижний Новгород' в поле 'Город вылета'
2026-08-22 14:08:27,216 [WARNING] Выпадающий список не найден, пробуем нажать Enter
2026-08-22 14:08:28,252 [INFO] Значение 'Нижний Новгород' выбрано через Enter
2026-08-22 14:08:28,253 [INFO] Выбор страны 'Мальдивы' в поле 'Страна, курорт, отель'
2026-08-22 14:08:30,284 [INFO] Страна 'Мальдивы' выбрана
2026-08-22 14:08:30,799 [INFO] Выбор дат: 07.09.2026 - 07.09.2026
2026-08-22 14:08:30,918 [INFO] Календарь открыт
2026-08-22 14:08:33,236 [INFO] Выбран день 7.9.2026
2026-08-22 14:08:34,992 [INFO] Выбран день 7.9.2026
2026-08-22 14:08:34,992 [INFO] Диапазон дат выбран
2026-08-22 14:08:36,004 [INFO] Выбор ночей: 7 - 8
2026-08-22 14:08:36,088 [INFO] Панель ночей открыта
2026-08-22 14:08:37,121 [INFO] Клик по контейнеру с числом 7 выполнен
2026-08-22 14:08:38,154 [INFO] Клик по контейнеру с числом 8 выполнен
2026-08-22 14:08:38,467 [INFO] Панель ночей закрыта
2026-08-22 14:08:38,970 [INFO] Взрослых 2 (по умолчанию), пропускаем
2026-08-22 14:08:39,512 [INFO] Кнопка 'Найти тур' нажата
2026-08-22 14:08:41,165 [INFO] Получен URL после поиска: https://www.onlinetours.ru/tours/31f7616f9856e78e949f2ba87e851106?ticket_strategy=include
2026-08-22 14:08:51,228 [INFO] Выбор самой дешёвой даты (searchMinPriceData=true)...
2026-08-22 14:08:51,228 [INFO] Поиск блока с датами для выбора самой дешёвой даты...
2026-08-22 14:08:51,240 [INFO] Найдено 1 кнопок с процентами
2026-08-22 14:08:51,245 [INFO] Выбрана кнопка с минимальным процентом 77.15 (самая дешёвая дата)
2026-08-22 14:08:51,338 [INFO] Ожидание перезагрузки страницы после выбора даты...
2026-08-22 14:08:55,366 [INFO] Новый URL после выбора дешёвой даты: https://www.onlinetours.ru/tours/f6a5a1c60076302b0db2731581db9fab?ticket_strategy=include
2026-08-22 14:08:55,366 [INFO] Применение фильтров через параметры URL...
2026-08-22 14:08:55,368 [INFO] Новый URL с фильтрами: https://www.onlinetours.ru/tours/f6a5a1c60076302b0db2731581db9fab?ticket_strategy=include&sort=price&price_from=50000&price_to=2000000&rating=5
2026-08-22 14:08:57,918 [INFO] Финальный URL после фильтров: https://www.onlinetours.ru/tours/f6a5a1c60076302b0db2731581db9fab?ticket_strategy=include&sort=price&price_from=50000&price_to=2000000&rating=5
2026-08-22 14:09:08,238 [INFO] Минимальная цена: 233005
2026-08-22 14:09:08,255 [INFO] Итоговая дата изменилась: 7 - 15 сен
2026-08-22 14:09:09,517 [INFO] Драйвер закрыт
2026-08-22 14:09:09,518 [INFO] Сохранён #125
2026-08-22 14:09:09,518 [INFO]
============================================================
Пермь -> Таиланд, даты 07.09.2026, ночей 7-8, взрослых 2, фильтры: {'price_min': 50000, 'price_max': 2000000, 'rating': 5, 'meal_ids': [], 'sort': 'price'}
============================================================
2026-08-22 14:09:16,532 [INFO] Главная страница загружена
2026-08-22 14:09:16,532 [INFO] Выбор 'Пермь' в поле 'Город вылета'
2026-08-22 14:09:22,731 [WARNING] Выпадающий список не найден, пробуем нажать Enter
2026-08-22 14:09:23,757 [INFO] Значение 'Пермь' выбрано через Enter
2026-08-22 14:09:23,757 [INFO] Выбор страны 'Таиланд' в поле 'Страна, курорт, отель'
2026-08-22 14:09:25,781 [INFO] Страна 'Таиланд' выбрана
2026-08-22 14:09:26,296 [INFO] Выбор дат: 07.09.2026 - 07.09.2026
2026-08-22 14:09:26,430 [INFO] Календарь открыт
2026-08-22 14:09:28,715 [INFO] Выбран день 7.9.2026
2026-08-22 14:09:30,483 [INFO] Выбран день 7.9.2026
2026-08-22 14:09:30,483 [INFO] Диапазон дат выбран
2026-08-22 14:09:31,496 [INFO] Выбор ночей: 7 - 8
2026-08-22 14:09:31,564 [INFO] Панель ночей открыта
2026-08-22 14:09:32,594 [INFO] Клик по контейнеру с числом 7 выполнен
2026-08-22 14:09:33,646 [INFO] Клик по контейнеру с числом 8 выполнен
2026-08-22 14:09:33,968 [INFO] Панель ночей закрыта
2026-08-22 14:09:34,477 [INFO] Взрослых 2 (по умолчанию), пропускаем
2026-08-22 14:09:35,016 [INFO] Кнопка 'Найти тур' нажата
2026-08-22 14:09:36,913 [INFO] Получен URL после поиска: https://www.onlinetours.ru/tours/b5264d3a0a670cd30073ce041e061828?ticket_strategy=include
2026-08-22 14:09:47,352 [INFO] Выбор самой дешёвой даты (searchMinPriceData=true)...
2026-08-22 14:09:47,352 [INFO] Поиск блока с датами для выбора самой дешёвой даты...
2026-08-22 14:09:52,017 [INFO] Найдено 1 кнопок с процентами
2026-08-22 14:09:52,023 [INFO] Выбрана кнопка с минимальным процентом 77.15 (самая дешёвая дата)
2026-08-22 14:09:52,113 [INFO] Ожидание перезагрузки страницы после выбора даты...
2026-08-22 14:09:56,143 [INFO] Новый URL после выбора дешёвой даты: https://www.onlinetours.ru/tours/2b4c8d7428c972ae9952666cb8633bd0?ticket_strategy=include
2026-08-22 14:09:56,143 [INFO] Применение фильтров через параметры URL...
2026-08-22 14:09:56,144 [INFO] Новый URL с фильтрами: https://www.onlinetours.ru/tours/2b4c8d7428c972ae9952666cb8633bd0?ticket_strategy=include&sort=price&price_from=50000&price_to=2000000&rating=5
2026-08-22 14:09:58,760 [INFO] Финальный URL после фильтров: https://www.onlinetours.ru/tours/2b4c8d7428c972ae9952666cb8633bd0?ticket_strategy=include&sort=price&price_from=50000&price_to=2000000&rating=5
2026-08-22 14:10:09,242 [INFO] Минимальная цена: 186067
2026-08-22 14:10:09,270 [INFO] Итоговая дата изменилась: 7 - 15 сен
2026-08-22 14:10:10,550 [INFO] Драйвер закрыт
2026-08-22 14:10:10,551 [INFO] Сохранён #126
2026-08-22 14:10:10,551 [INFO]
============================================================
Пермь -> остров Хайнань, даты 07.09.2026, ночей 7-8, взрослых 2, фильтры: {'price_min': 50000, 'price_max': 2000000, 'rating': 5, 'meal_ids': [], 'sort': 'price'}
============================================================
2026-08-22 14:10:14,073 [INFO] Главная страница загружена
2026-08-22 14:10:14,074 [INFO] Выбор 'Пермь' в поле 'Город вылета'
2026-08-22 14:10:23,098 [WARNING] Выпадающий список не найден, пробуем нажать Enter
2026-08-22 14:10:24,132 [INFO] Значение 'Пермь' выбрано через Enter
2026-08-22 14:10:24,133 [INFO] Выбор страны 'остров Хайнань' в поле 'Страна, курорт, отель'
2026-08-22 14:10:26,199 [INFO] Страна 'остров Хайнань' выбрана
2026-08-22 14:10:26,710 [INFO] Выбор дат: 07.09.2026 - 07.09.2026
2026-08-22 14:10:26,841 [INFO] Календарь открыт
2026-08-22 14:10:29,138 [INFO] Выбран день 7.9.2026
2026-08-22 14:10:30,909 [INFO] Выбран день 7.9.2026
2026-08-22 14:10:30,909 [INFO] Диапазон дат выбран
2026-08-22 14:10:31,918 [INFO] Выбор ночей: 7 - 8
2026-08-22 14:10:31,978 [INFO] Панель ночей открыта
2026-08-22 14:10:33,006 [INFO] Клик по контейнеру с числом 7 выполнен
2026-08-22 14:10:34,063 [INFO] Клик по контейнеру с числом 8 выполнен
2026-08-22 14:10:34,391 [INFO] Панель ночей закрыта
2026-08-22 14:10:34,906 [INFO] Взрослых 2 (по умолчанию), пропускаем
2026-08-22 14:10:35,445 [INFO] Кнопка 'Найти тур' нажата
2026-08-22 14:10:37,076 [INFO] Получен URL после поиска: https://www.onlinetours.ru/tours/d2f44e1d13c16de61781d9e7e3dd195c?ticket_strategy=include
2026-08-22 14:10:47,430 [INFO] Выбор самой дешёвой даты (searchMinPriceData=true)...
2026-08-22 14:10:47,431 [INFO] Поиск блока с датами для выбора самой дешёвой даты...
2026-08-22 14:10:51,558 [INFO] Найдено 1 кнопок с процентами
2026-08-22 14:10:51,565 [INFO] Выбрана кнопка с минимальным процентом 77.15 (самая дешёвая дата)
2026-08-22 14:10:51,671 [INFO] Ожидание перезагрузки страницы после выбора даты...
2026-08-22 14:10:55,702 [INFO] Новый URL после выбора дешёвой даты: https://www.onlinetours.ru/tours/7f7d7163942cb5196e87d86dd7fc6549?ticket_strategy=include
2026-08-22 14:10:55,702 [INFO] Применение фильтров через параметры URL...
2026-08-22 14:10:55,703 [INFO] Новый URL с фильтрами: https://www.onlinetours.ru/tours/7f7d7163942cb5196e87d86dd7fc6549?ticket_strategy=include&sort=price&price_from=50000&price_to=2000000&rating=5
2026-08-22 14:10:58,279 [INFO] Финальный URL после фильтров: https://www.onlinetours.ru/tours/7f7d7163942cb5196e87d86dd7fc6549?ticket_strategy=include&sort=price&price_from=50000&price_to=2000000&rating=5
2026-08-22 14:11:08,681 [INFO] Минимальная цена: 180140
2026-08-22 14:11:08,702 [INFO] Итоговая дата изменилась: 7 - 15 сен
2026-08-22 14:11:09,965 [INFO] Драйвер закрыт
2026-08-22 14:11:09,966 [INFO] Сохранён #127
2026-08-22 14:11:09,966 [INFO]
============================================================
Пермь -> Вьетнам, даты 07.09.2026, ночей 7-8, взрослых 2, фильтры: {'price_min': 50000, 'price_max': 2000000, 'rating': 5, 'meal_ids': [], 'sort': 'price'}
============================================================
2026-08-22 14:11:17,046 [INFO] Главная страница загружена
2026-08-22 14:11:17,046 [INFO] Выбор 'Пермь' в поле 'Город вылета'
2026-08-22 14:11:22,793 [WARNING] Выпадающий список не найден, пробуем нажать Enter
2026-08-22 14:11:23,827 [INFO] Значение 'Пермь' выбрано через Enter
2026-08-22 14:11:23,828 [INFO] Выбор страны 'Вьетнам' в поле 'Страна, курорт, отель'
2026-08-22 14:11:25,845 [INFO] Страна 'Вьетнам' выбрана
2026-08-22 14:11:26,359 [INFO] Выбор дат: 07.09.2026 - 07.09.2026
2026-08-22 14:11:26,549 [INFO] Календарь открыт
2026-08-22 14:11:28,837 [INFO] Выбран день 7.9.2026
2026-08-22 14:11:30,625 [INFO] Выбран день 7.9.2026
2026-08-22 14:11:30,626 [INFO] Диапазон дат выбран
2026-08-22 14:11:31,637 [INFO] Выбор ночей: 7 - 8
2026-08-22 14:11:31,701 [INFO] Панель ночей открыта
2026-08-22 14:11:32,738 [INFO] Клик по контейнеру с числом 7 выполнен
2026-08-22 14:11:33,799 [INFO] Клик по контейнеру с числом 8 выполнен
2026-08-22 14:11:34,146 [INFO] Панель ночей закрыта
2026-08-22 14:11:34,657 [INFO] Взрослых 2 (по умолчанию), пропускаем
2026-08-22 14:11:35,196 [INFO] Кнопка 'Найти тур' нажата
2026-08-22 14:11:36,581 [INFO] Получен URL после поиска: https://www.onlinetours.ru/tours/8c9c3b15e5cc6f521478acb39445ac3f?ticket_strategy=include
2026-08-22 14:11:46,972 [INFO] Выбор самой дешёвой даты (searchMinPriceData=true)...
2026-08-22 14:11:46,972 [INFO] Поиск блока с датами для выбора самой дешёвой даты...
2026-08-22 14:11:53,195 [INFO] Найдено 1 кнопок с процентами
2026-08-22 14:11:53,208 [INFO] Выбрана кнопка с минимальным процентом 77.15 (самая дешёвая дата)
2026-08-22 14:11:53,334 [INFO] Ожидание перезагрузки страницы после выбора даты...
2026-08-22 14:11:57,365 [INFO] Новый URL после выбора дешёвой даты: https://www.onlinetours.ru/tours/adf7a4902cfa470a33c25aaaef123def?ticket_strategy=include
2026-08-22 14:11:57,365 [INFO] Применение фильтров через параметры URL...
2026-08-22 14:11:57,366 [INFO] Новый URL с фильтрами: https://www.onlinetours.ru/tours/adf7a4902cfa470a33c25aaaef123def?ticket_strategy=include&sort=price&price_from=50000&price_to=2000000&rating=5
2026-08-22 14:11:59,955 [INFO] Финальный URL после фильтров: https://www.onlinetours.ru/tours/adf7a4902cfa470a33c25aaaef123def?ticket_strategy=include&sort=price&price_from=50000&price_to=2000000&rating=5
2026-08-22 14:12:10,407 [INFO] Минимальная цена: 222680
2026-08-22 14:12:10,428 [INFO] Итоговая дата изменилась: 7 - 15 сен
2026-08-22 14:12:11,715 [INFO] Драйвер закрыт
2026-08-22 14:12:11,716 [INFO] Сохранён #128
2026-08-22 14:12:11,717 [INFO]
============================================================
Пермь -> Мальдивы, даты 07.09.2026, ночей 7-8, взрослых 2, фильтры: {'price_min': 50000, 'price_max': 2000000, 'rating': 5, 'meal_ids': [], 'sort': 'price'}
============================================================
2026-08-22 14:12:19,279 [INFO] Главная страница загружена
2026-08-22 14:12:19,280 [INFO] Выбор 'Пермь' в поле 'Город вылета'
2026-08-22 14:12:25,122 [WARNING] Выпадающий список не найден, пробуем нажать Enter
2026-08-22 14:12:26,156 [INFO] Значение 'Пермь' выбрано через Enter
2026-08-22 14:12:26,158 [INFO] Выбор страны 'Мальдивы' в поле 'Страна, курорт, отель'
2026-08-22 14:12:28,199 [INFO] Страна 'Мальдивы' выбрана
2026-08-22 14:12:28,700 [INFO] Выбор дат: 07.09.2026 - 07.09.2026
2026-08-22 14:12:28,828 [INFO] Календарь открыт
2026-08-22 14:12:31,147 [INFO] Выбран день 7.9.2026
2026-08-22 14:12:32,902 [INFO] Выбран день 7.9.2026
2026-08-22 14:12:32,902 [INFO] Диапазон дат выбран
2026-08-22 14:12:33,918 [INFO] Выбор ночей: 7 - 8
2026-08-22 14:12:34,012 [INFO] Панель ночей открыта
2026-08-22 14:12:35,037 [INFO] Клик по контейнеру с числом 7 выполнен
2026-08-22 14:12:36,070 [INFO] Клик по контейнеру с числом 8 выполнен
2026-08-22 14:12:36,390 [INFO] Панель ночей закрыта
2026-08-22 14:12:36,905 [INFO] Взрослых 2 (по умолчанию), пропускаем
2026-08-22 14:12:37,441 [INFO] Кнопка 'Найти тур' нажата
2026-08-22 14:12:38,856 [INFO] Получен URL после поиска: https://www.onlinetours.ru/tours/5effcae6a992cd5621dafb811caf5f40?ticket_strategy=include
2026-08-22 14:12:49,194 [INFO] Выбор самой дешёвой даты (searchMinPriceData=true)...
2026-08-22 14:12:49,194 [INFO] Поиск блока с датами для выбора самой дешёвой даты...
2026-08-22 14:12:49,203 [INFO] Найдено 1 кнопок с процентами
2026-08-22 14:12:49,212 [INFO] Выбрана кнопка с минимальным процентом 77.15 (самая дешёвая дата)
2026-08-22 14:12:49,301 [INFO] Ожидание перезагрузки страницы после выбора даты...
2026-08-22 14:12:53,318 [INFO] Новый URL после выбора дешёвой даты: https://www.onlinetours.ru/tours/7ffae1fde1da9c0f953b72d3fd8aab69?ticket_strategy=include
2026-08-22 14:12:53,318 [INFO] Применение фильтров через параметры URL...
2026-08-22 14:12:53,319 [INFO] Новый URL с фильтрами: https://www.onlinetours.ru/tours/7ffae1fde1da9c0f953b72d3fd8aab69?ticket_strategy=include&sort=price&price_from=50000&price_to=2000000&rating=5
2026-08-22 14:12:55,937 [INFO] Финальный URL после фильтров: https://www.onlinetours.ru/tours/7ffae1fde1da9c0f953b72d3fd8aab69?ticket_strategy=include&sort=price&price_from=50000&price_to=2000000&rating=5
2026-08-22 14:13:06,280 [INFO] Минимальная цена: 250751
2026-08-22 14:13:06,296 [INFO] Итоговая дата изменилась: 7 - 15 сен
2026-08-22 14:13:07,559 [INFO] Драйвер закрыт
2026-08-22 14:13:07,560 [INFO] Сохранён #129
2026-08-22 14:13:07,560 [INFO]
============================================================
Москва -> Сочи, даты 27.09.2026, ночей 7, взрослых 2, фильтры: {'price_min': 30000, 'price_max': 75000, 'rating': 5, 'meal_ids': [], 'sort': 'price'}
============================================================
2026-08-22 14:13:14,865 [INFO] Главная страница загружена
2026-08-22 14:13:14,865 [INFO] Выбор 'Москва' в поле 'Город вылета'
2026-08-22 14:13:20,915 [WARNING] Выпадающий список не найден, пробуем нажать Enter
2026-08-22 14:13:21,952 [INFO] Значение 'Москва' выбрано через Enter
2026-08-22 14:13:21,952 [INFO] Выбор страны 'Сочи' в поле 'Страна, курорт, отель'
2026-08-22 14:13:23,981 [INFO] Страна 'Сочи' выбрана
2026-08-22 14:13:24,496 [INFO] Выбор дат: 27.09.2026 - 27.09.2026
2026-08-22 14:13:24,620 [INFO] Календарь открыт
2026-08-22 14:13:26,907 [INFO] Выбран день 27.9.2026
2026-08-22 14:13:28,674 [INFO] Выбран день 27.9.2026
2026-08-22 14:13:28,674 [INFO] Диапазон дат выбран
2026-08-22 14:13:29,687 [INFO] Выбор ночей: 7 - 7
2026-08-22 14:13:29,761 [INFO] Панель ночей открыта
2026-08-22 14:13:30,786 [INFO] Клик по контейнеру с числом 7 выполнен
2026-08-22 14:13:31,111 [INFO] Панель ночей закрыта
2026-08-22 14:13:31,622 [INFO] Взрослых 2 (по умолчанию), пропускаем
2026-08-22 14:13:32,164 [INFO] Кнопка 'Найти тур' нажата
2026-08-22 14:13:33,902 [INFO] Получен URL после поиска: https://www.onlinetours.ru/tours/ffad7d4ee91f3067b5a9234e1823f3a0?ticket_strategy=include
2026-08-22 14:13:44,291 [INFO] Выбор самой дешёвой даты (searchMinPriceData=true)...
2026-08-22 14:13:44,291 [INFO] Поиск блока с датами для выбора самой дешёвой даты...
2026-08-22 14:14:02,908 [INFO] Найдено 26 кнопок с процентами
2026-08-22 14:14:03,010 [INFO] Выбрана кнопка с минимальным процентом 47.0615 (самая дешёвая дата)
2026-08-22 14:14:03,097 [INFO] Ожидание перезагрузки страницы после выбора даты...
2026-08-22 14:14:07,126 [INFO] Новый URL после выбора дешёвой даты: https://www.onlinetours.ru/tours/480b5906c77200058611d55cf9d8dfa5?ticket_strategy=include
2026-08-22 14:14:07,127 [INFO] Применение фильтров через параметры URL...
2026-08-22 14:14:07,128 [INFO] Новый URL с фильтрами: https://www.onlinetours.ru/tours/480b5906c77200058611d55cf9d8dfa5?ticket_strategy=include&sort=price&price_from=30000&price_to=75000&rating=5
2026-08-22 14:14:09,716 [INFO] Финальный URL после фильтров: https://www.onlinetours.ru/tours/480b5906c77200058611d55cf9d8dfa5?ticket_strategy=include&sort=price&price_from=30000&price_to=75000&rating=5
2026-08-22 14:14:20,221 [INFO] Минимальная цена: 48416
2026-08-22 14:14:20,242 [INFO] Итоговая дата изменилась: 27 сен - 7 окт
2026-08-22 14:14:21,538 [INFO] Драйвер закрыт
2026-08-22 14:14:21,539 [INFO] Сохранён #130
2026-08-22 14:14:21,540 [INFO]
============================================================
Москва -> Кисловодск, даты 27.09.2026, ночей 7, взрослых 2, фильтры: {'price_min': 30000, 'price_max': 75000, 'rating': 5, 'meal_ids': [], 'sort': 'price'}
============================================================
2026-08-22 14:14:25,047 [INFO] Главная страница загружена
2026-08-22 14:14:25,047 [INFO] Выбор 'Москва' в поле 'Город вылета'
2026-08-22 14:14:34,053 [WARNING] Выпадающий список не найден, пробуем нажать Enter
2026-08-22 14:14:35,085 [INFO] Значение 'Москва' выбрано через Enter
2026-08-22 14:14:35,086 [INFO] Выбор страны 'Кисловодск' в поле 'Страна, курорт, отель'
2026-08-22 14:14:37,089 [INFO] Страна 'Кисловодск' выбрана
2026-08-22 14:14:37,602 [INFO] Выбор дат: 27.09.2026 - 27.09.2026
2026-08-22 14:14:37,727 [INFO] Календарь открыт
2026-08-22 14:14:40,016 [INFO] Выбран день 27.9.2026
2026-08-22 14:14:41,792 [INFO] Выбран день 27.9.2026
2026-08-22 14:14:41,792 [INFO] Диапазон дат выбран
2026-08-22 14:14:42,806 [INFO] Выбор ночей: 7 - 7
2026-08-22 14:14:42,865 [INFO] Панель ночей открыта
2026-08-22 14:14:43,901 [INFO] Клик по контейнеру с числом 7 выполнен
2026-08-22 14:14:44,220 [INFO] Панель ночей закрыта
2026-08-22 14:14:44,733 [INFO] Взрослых 2 (по умолчанию), пропускаем
2026-08-22 14:14:45,270 [INFO] Кнопка 'Найти тур' нажата
2026-08-22 14:14:46,674 [INFO] Получен URL после поиска: https://www.onlinetours.ru/tours/5adeaf2048e09793461cc92c7371d401?ticket_strategy=include
2026-08-22 14:14:57,147 [INFO] Выбор самой дешёвой даты (searchMinPriceData=true)...
2026-08-22 14:14:57,147 [INFO] Поиск блока с датами для выбора самой дешёвой даты...
2026-08-22 14:15:07,475 [INFO] Найдено 36 кнопок с процентами
2026-08-22 14:15:07,642 [INFO] Выбрана кнопка с минимальным процентом 37.8035 (самая дешёвая дата)
2026-08-22 14:15:07,723 [INFO] Ожидание перезагрузки страницы после выбора даты...
2026-08-22 14:15:11,739 [INFO] Новый URL после выбора дешёвой даты: https://www.onlinetours.ru/tours/36418cc1bf9b51069c04bcafc87c2d3e?ticket_strategy=include
2026-08-22 14:15:11,739 [INFO] Применение фильтров через параметры URL...
2026-08-22 14:15:11,740 [INFO] Новый URL с фильтрами: https://www.onlinetours.ru/tours/36418cc1bf9b51069c04bcafc87c2d3e?ticket_strategy=include&sort=price&price_from=30000&price_to=75000&rating=5
2026-08-22 14:15:14,314 [INFO] Финальный URL после фильтров: https://www.onlinetours.ru/tours/36418cc1bf9b51069c04bcafc87c2d3e?ticket_strategy=include&sort=price&price_from=30000&price_to=75000&rating=5
2026-08-22 14:15:24,623 [INFO] Минимальная цена: 53127
2026-08-22 14:15:24,640 [INFO] Итоговая дата изменилась: 8 - 18 окт
2026-08-22 14:15:25,900 [INFO] Драйвер закрыт
2026-08-22 14:15:25,901 [INFO] Сохранён #131
2026-08-22 14:15:25,901 [INFO]
============================================================
Москва -> Ессентуки, даты 27.09.2026, ночей 7, взрослых 2, фильтры: {'price_min': 30000, 'price_max': 75000, 'rating': 5, 'meal_ids': [], 'sort': 'price'}
============================================================
2026-08-22 14:15:33,178 [INFO] Главная страница загружена
2026-08-22 14:15:33,178 [INFO] Выбор 'Москва' в поле 'Город вылета'
2026-08-22 14:15:39,037 [WARNING] Выпадающий список не найден, пробуем нажать Enter
2026-08-22 14:15:40,069 [INFO] Значение 'Москва' выбрано через Enter
2026-08-22 14:15:40,069 [INFO] Выбор страны 'Ессентуки' в поле 'Страна, курорт, отель'
2026-08-22 14:15:42,086 [INFO] Страна 'Ессентуки' выбрана
2026-08-22 14:15:42,595 [INFO] Выбор дат: 27.09.2026 - 27.09.2026
2026-08-22 14:15:42,725 [INFO] Календарь открыт
2026-08-22 14:15:45,013 [INFO] Выбран день 27.9.2026
2026-08-22 14:15:46,765 [INFO] Выбран день 27.9.2026
2026-08-22 14:15:46,765 [INFO] Диапазон дат выбран
2026-08-22 14:15:47,780 [INFO] Выбор ночей: 7 - 7
2026-08-22 14:15:47,843 [INFO] Панель ночей открыта
2026-08-22 14:15:48,875 [INFO] Клик по контейнеру с числом 7 выполнен
2026-08-22 14:15:49,186 [INFO] Панель ночей закрыта
2026-08-22 14:15:49,696 [INFO] Взрослых 2 (по умолчанию), пропускаем
2026-08-22 14:15:50,233 [INFO] Кнопка 'Найти тур' нажата
2026-08-22 14:15:51,851 [INFO] Получен URL после поиска: https://www.onlinetours.ru/tours/727e426c960f6b88978bf234d64432b2?ticket_strategy=include
2026-08-22 14:16:02,150 [INFO] Выбор самой дешёвой даты (searchMinPriceData=true)...
2026-08-22 14:16:02,151 [INFO] Поиск блока с датами для выбора самой дешёвой даты...
2026-08-22 14:16:16,054 [INFO] Найдено 30 кнопок с процентами
2026-08-22 14:16:16,170 [INFO] Выбрана кнопка с минимальным процентом 49.376 (самая дешёвая дата)
2026-08-22 14:16:16,230 [INFO] Ожидание перезагрузки страницы после выбора даты...
2026-08-22 14:16:20,250 [INFO] Новый URL после выбора дешёвой даты: https://www.onlinetours.ru/tours/7362de1e8d73bf78acf242acbd68f7bd?ticket_strategy=include
2026-08-22 14:16:20,250 [INFO] Применение фильтров через параметры URL...
2026-08-22 14:16:20,251 [INFO] Новый URL с фильтрами: https://www.onlinetours.ru/tours/7362de1e8d73bf78acf242acbd68f7bd?ticket_strategy=include&sort=price&price_from=30000&price_to=75000&rating=5
2026-08-22 14:16:22,834 [INFO] Финальный URL после фильтров: https://www.onlinetours.ru/tours/7362de1e8d73bf78acf242acbd68f7bd?ticket_strategy=include&sort=price&price_from=30000&price_to=75000&rating=5
2026-08-22 14:16:33,213 [INFO] Минимальная цена: 52203
2026-08-22 14:16:33,231 [INFO] Итоговая дата изменилась: 11 - 21 сен
2026-08-22 14:16:34,522 [INFO] Драйвер закрыт
2026-08-22 14:16:34,523 [INFO] Сохранён #132
2026-08-22 14:16:34,523 [INFO]
============================================================
Санкт-Петербург -> Сочи, даты 27.09.2026, ночей 7, взрослых 2, фильтры: {'price_min': 30000, 'price_max': 75000, 'rating': 5, 'meal_ids': [], 'sort': 'price'}
============================================================
2026-08-22 14:16:42,263 [INFO] Главная страница загружена
2026-08-22 14:16:42,263 [INFO] Выбор 'Санкт-Петербург' в поле 'Город вылета'
2026-08-22 14:16:48,353 [WARNING] Выпадающий список не найден, пробуем нажать Enter
2026-08-22 14:16:49,380 [INFO] Значение 'Санкт-Петербург' выбрано через Enter
2026-08-22 14:16:49,380 [INFO] Выбор страны 'Сочи' в поле 'Страна, курорт, отель'
2026-08-22 14:16:51,394 [INFO] Страна 'Сочи' выбрана
2026-08-22 14:16:51,909 [INFO] Выбор дат: 27.09.2026 - 27.09.2026
2026-08-22 14:16:52,062 [INFO] Календарь открыт
2026-08-22 14:16:54,367 [INFO] Выбран день 27.9.2026
2026-08-22 14:16:56,110 [INFO] Выбран день 27.9.2026
2026-08-22 14:16:56,110 [INFO] Диапазон дат выбран
2026-08-22 14:16:57,117 [INFO] Выбор ночей: 7 - 7
2026-08-22 14:16:57,183 [INFO] Панель ночей открыта
2026-08-22 14:16:58,207 [INFO] Клик по контейнеру с числом 7 выполнен
2026-08-22 14:16:58,529 [INFO] Панель ночей закрыта
2026-08-22 14:16:59,045 [INFO] Взрослых 2 (по умолчанию), пропускаем
2026-08-22 14:16:59,586 [INFO] Кнопка 'Найти тур' нажата
2026-08-22 14:17:01,143 [INFO] Получен URL после поиска: https://www.onlinetours.ru/tours/c149b9e57c9e822d1b6904a335b7d938?ticket_strategy=include
2026-08-22 14:17:11,537 [INFO] Выбор самой дешёвой даты (searchMinPriceData=true)...
2026-08-22 14:17:11,537 [INFO] Поиск блока с датами для выбора самой дешёвой даты...
2026-08-22 14:17:29,103 [INFO] Найдено 9 кнопок с процентами
2026-08-22 14:17:29,170 [INFO] Выбрана кнопка с минимальным процентом 32.403 (самая дешёвая дата)
2026-08-22 14:17:29,287 [INFO] Ожидание перезагрузки страницы после выбора даты...
2026-08-22 14:17:33,323 [INFO] Новый URL после выбора дешёвой даты: https://www.onlinetours.ru/tours/de20db04e6162e26619165f4f99227c8?ticket_strategy=include
2026-08-22 14:17:33,323 [INFO] Применение фильтров через параметры URL...
2026-08-22 14:17:33,324 [INFO] Новый URL с фильтрами: https://www.onlinetours.ru/tours/de20db04e6162e26619165f4f99227c8?ticket_strategy=include&sort=price&price_from=30000&price_to=75000&rating=5
2026-08-22 14:17:35,925 [INFO] Финальный URL после фильтров: https://www.onlinetours.ru/tours/de20db04e6162e26619165f4f99227c8?ticket_strategy=include&sort=price&price_from=30000&price_to=75000&rating=5
2026-08-22 14:17:46,291 [INFO] Минимальная цена: 56254
2026-08-22 14:17:46,317 [INFO] Итоговая дата изменилась: 27 сен - 7 окт
2026-08-22 14:17:46,594 [INFO] Драйвер закрыт
2026-08-22 14:17:46,595 [INFO] Сохранён #133
2026-08-22 14:17:46,596 [INFO]
============================================================
Санкт-Петербург -> Кисловодск, даты 27.09.2026, ночей 7, взрослых 2, фильтры: {'price_min': 30000, 'price_max': 75000, 'rating': 5, 'meal_ids': [], 'sort': 'price'}
============================================================
2026-08-22 14:17:53,430 [INFO] Главная страница загружена
2026-08-22 14:17:53,433 [INFO] Выбор 'Санкт-Петербург' в поле 'Город вылета'
2026-08-22 14:17:59,534 [WARNING] Выпадающий список не найден, пробуем нажать Enter
2026-08-22 14:18:00,567 [INFO] Значение 'Санкт-Петербург' выбрано через Enter
2026-08-22 14:18:00,568 [INFO] Выбор страны 'Кисловодск' в поле 'Страна, курорт, отель'
2026-08-22 14:18:02,620 [INFO] Страна 'Кисловодск' выбрана
2026-08-22 14:18:03,129 [INFO] Выбор дат: 27.09.2026 - 27.09.2026
2026-08-22 14:18:03,253 [INFO] Календарь открыт
2026-08-22 14:18:05,576 [INFO] Выбран день 27.9.2026
2026-08-22 14:18:07,350 [INFO] Выбран день 27.9.2026
2026-08-22 14:18:07,351 [INFO] Диапазон дат выбран
2026-08-22 14:18:08,363 [INFO] Выбор ночей: 7 - 7
2026-08-22 14:18:08,422 [INFO] Панель ночей открыта
2026-08-22 14:18:09,461 [INFO] Клик по контейнеру с числом 7 выполнен
2026-08-22 14:18:09,777 [INFO] Панель ночей закрыта
2026-08-22 14:18:10,284 [INFO] Взрослых 2 (по умолчанию), пропускаем
2026-08-22 14:18:10,825 [INFO] Кнопка 'Найти тур' нажата
2026-08-22 14:18:12,461 [INFO] Получен URL после поиска: https://www.onlinetours.ru/tours/7e990510e19c45a0eaaa94aab94e4268?ticket_strategy=include
2026-08-22 14:18:22,874 [INFO] Выбор самой дешёвой даты (searchMinPriceData=true)...
2026-08-22 14:18:22,874 [INFO] Поиск блока с датами для выбора самой дешёвой даты...
2026-08-22 14:18:32,835 [INFO] Найдено 8 кнопок с процентами
2026-08-22 14:18:32,967 [INFO] Выбрана кнопка с минимальным процентом 45.5185 (самая дешёвая дата)
2026-08-22 14:18:33,032 [INFO] Ожидание перезагрузки страницы после выбора даты...
2026-08-22 14:18:37,056 [INFO] Новый URL после выбора дешёвой даты: https://www.onlinetours.ru/tours/4e70ba475c144abe5bb7b4f818794e8d?ticket_strategy=include
2026-08-22 14:18:37,056 [INFO] Применение фильтров через параметры URL...
2026-08-22 14:18:37,057 [INFO] Новый URL с фильтрами: https://www.onlinetours.ru/tours/4e70ba475c144abe5bb7b4f818794e8d?ticket_strategy=include&sort=price&price_from=30000&price_to=75000&rating=5
2026-08-22 14:18:39,668 [INFO] Финальный URL после фильтров: https://www.onlinetours.ru/tours/4e70ba475c144abe5bb7b4f818794e8d?ticket_strategy=include&sort=price&price_from=30000&price_to=75000&rating=5
2026-08-22 14:18:49,982 [INFO] Минимальная цена: 66438
2026-08-22 14:18:49,998 [INFO] Итоговая дата изменилась: 28 авг - 7 сен
2026-08-22 14:18:51,277 [INFO] Драйвер закрыт
2026-08-22 14:18:51,278 [INFO] Сохранён #134
2026-08-22 14:18:51,278 [INFO]
============================================================
Санкт-Петербург -> Ессентуки, даты 27.09.2026, ночей 7, взрослых 2, фильтры: {'price_min': 30000, 'price_max': 75000, 'rating': 5, 'meal_ids': [], 'sort': 'price'}
============================================================
2026-08-22 14:18:54,814 [INFO] Главная страница загружена
2026-08-22 14:18:54,814 [INFO] Выбор 'Санкт-Петербург' в поле 'Город вылета'
2026-08-22 14:19:04,102 [WARNING] Выпадающий список не найден, пробуем нажать Enter
2026-08-22 14:19:05,132 [INFO] Значение 'Санкт-Петербург' выбрано через Enter
2026-08-22 14:19:05,132 [INFO] Выбор страны 'Ессентуки' в поле 'Страна, курорт, отель'
2026-08-22 14:19:07,146 [INFO] Страна 'Ессентуки' выбрана
2026-08-22 14:19:07,658 [INFO] Выбор дат: 27.09.2026 - 27.09.2026
2026-08-22 14:19:07,779 [INFO] Календарь открыт
2026-08-22 14:19:10,082 [INFO] Выбран день 27.9.2026
2026-08-22 14:19:11,843 [INFO] Выбран день 27.9.2026
2026-08-22 14:19:11,843 [INFO] Диапазон дат выбран
2026-08-22 14:19:12,845 [INFO] Выбор ночей: 7 - 7
2026-08-22 14:19:12,908 [INFO] Панель ночей открыта
2026-08-22 14:19:13,943 [INFO] Клик по контейнеру с числом 7 выполнен
2026-08-22 14:19:14,258 [INFO] Панель ночей закрыта
2026-08-22 14:19:14,771 [INFO] Взрослых 2 (по умолчанию), пропускаем
2026-08-22 14:19:15,312 [INFO] Кнопка 'Найти тур' нажата
2026-08-22 14:19:16,927 [INFO] Получен URL после поиска: https://www.onlinetours.ru/tours/c254b079a58e67a89eb60e10217f29d6?ticket_strategy=include
2026-08-22 14:19:27,320 [INFO] Выбор самой дешёвой даты (searchMinPriceData=true)...
2026-08-22 14:19:27,320 [INFO] Поиск блока с датами для выбора самой дешёвой даты...
2026-08-22 14:19:40,755 [INFO] Найдено 10 кнопок с процентами
2026-08-22 14:19:40,799 [INFO] Выбрана кнопка с минимальным процентом 38.575 (самая дешёвая дата)
2026-08-22 14:19:40,860 [INFO] Ожидание перезагрузки страницы после выбора даты...
2026-08-22 14:19:44,878 [INFO] Новый URL после выбора дешёвой даты: https://www.onlinetours.ru/tours/4df1a8dc66c78a7cdc9bc128ff8783ea?ticket_strategy=include
2026-08-22 14:19:44,879 [INFO] Применение фильтров через параметры URL...
2026-08-22 14:19:44,880 [INFO] Новый URL с фильтрами: https://www.onlinetours.ru/tours/4df1a8dc66c78a7cdc9bc128ff8783ea?ticket_strategy=include&sort=price&price_from=30000&price_to=75000&rating=5
2026-08-22 14:19:47,503 [INFO] Финальный URL после фильтров: https://www.onlinetours.ru/tours/4df1a8dc66c78a7cdc9bc128ff8783ea?ticket_strategy=include&sort=price&price_from=30000&price_to=75000&rating=5
2026-08-22 14:19:57,831 [INFO] Минимальная цена: 48493
2026-08-22 14:19:57,852 [INFO] Итоговая дата изменилась: 28 авг - 7 сен
2026-08-22 14:19:59,132 [INFO] Драйвер закрыт
2026-08-22 14:19:59,133 [INFO] Сохранён #135
2026-08-22 14:19:59,133 [INFO]
============================================================
Екатеринбург -> Сочи, даты 27.09.2026, ночей 7, взрослых 2, фильтры: {'price_min': 30000, 'price_max': 75000, 'rating': 5, 'meal_ids': [], 'sort': 'price'}
============================================================
2026-08-22 14:20:06,301 [INFO] Главная страница загружена
2026-08-22 14:20:06,301 [INFO] Выбор 'Екатеринбург' в поле 'Город вылета'
2026-08-22 14:20:12,532 [WARNING] Выпадающий список не найден, пробуем нажать Enter
2026-08-22 14:20:13,560 [INFO] Значение 'Екатеринбург' выбрано через Enter
2026-08-22 14:20:13,560 [INFO] Выбор страны 'Сочи' в поле 'Страна, курорт, отель'
2026-08-22 14:20:15,589 [INFO] Страна 'Сочи' выбрана
2026-08-22 14:20:16,091 [INFO] Выбор дат: 27.09.2026 - 27.09.2026
2026-08-22 14:20:16,238 [INFO] Календарь открыт
2026-08-22 14:20:18,526 [INFO] Выбран день 27.9.2026
2026-08-22 14:20:20,277 [INFO] Выбран день 27.9.2026
2026-08-22 14:20:20,277 [INFO] Диапазон дат выбран
2026-08-22 14:20:21,290 [INFO] Выбор ночей: 7 - 7
2026-08-22 14:20:21,355 [INFO] Панель ночей открыта
2026-08-22 14:20:22,388 [INFO] Клик по контейнеру с числом 7 выполнен
2026-08-22 14:20:22,715 [INFO] Панель ночей закрыта
2026-08-22 14:20:23,217 [INFO] Взрослых 2 (по умолчанию), пропускаем
2026-08-22 14:20:23,793 [INFO] Кнопка 'Найти тур' нажата
2026-08-22 14:20:25,533 [INFO] Получен URL после поиска: https://www.onlinetours.ru/tours/ae68e95338390fb0db8975f88cb18fea?ticket_strategy=include
2026-08-22 14:20:35,910 [INFO] Выбор самой дешёвой даты (searchMinPriceData=true)...
2026-08-22 14:20:35,910 [INFO] Поиск блока с датами для выбора самой дешёвой даты...
2026-08-22 14:20:54,002 [INFO] Найдено 1 кнопок с процентами
2026-08-22 14:20:54,006 [INFO] Выбрана кнопка с минимальным процентом 77.15 (самая дешёвая дата)
2026-08-22 14:20:54,099 [INFO] Ожидание перезагрузки страницы после выбора даты...
2026-08-22 14:20:58,119 [INFO] Новый URL после выбора дешёвой даты: https://www.onlinetours.ru/tours/7c6f6a2bd6521237f65ab849a9fea891?ticket_strategy=include
2026-08-22 14:20:58,119 [INFO] Применение фильтров через параметры URL...
2026-08-22 14:20:58,121 [INFO] Новый URL с фильтрами: https://www.onlinetours.ru/tours/7c6f6a2bd6521237f65ab849a9fea891?ticket_strategy=include&sort=price&price_from=30000&price_to=75000&rating=5
2026-08-22 14:21:00,729 [INFO] Финальный URL после фильтров: https://www.onlinetours.ru/tours/7c6f6a2bd6521237f65ab849a9fea891?ticket_strategy=include&sort=price&price_from=30000&price_to=75000&rating=5
2026-08-22 14:21:11,264 [INFO] Минимальная цена: 53140
2026-08-22 14:21:11,326 [INFO] Итоговая дата изменилась: 27 сен - 7 окт
2026-08-22 14:21:12,600 [INFO] Драйвер закрыт
2026-08-22 14:21:12,601 [INFO] Сохранён #136
2026-08-22 14:21:12,601 [INFO]
============================================================
Екатеринбург -> Кисловодск, даты 27.09.2026, ночей 7, взрослых 2, фильтры: {'price_min': 30000, 'price_max': 75000, 'rating': 5, 'meal_ids': [], 'sort': 'price'}
============================================================
2026-08-22 14:21:20,168 [INFO] Главная страница загружена
2026-08-22 14:21:20,168 [INFO] Выбор 'Екатеринбург' в поле 'Город вылета'
2026-08-22 14:21:25,995 [WARNING] Выпадающий список не найден, пробуем нажать Enter
2026-08-22 14:21:27,037 [INFO] Значение 'Екатеринбург' выбрано через Enter
2026-08-22 14:21:27,037 [INFO] Выбор страны 'Кисловодск' в поле 'Страна, курорт, отель'
2026-08-22 14:21:29,100 [INFO] Страна 'Кисловодск' выбрана
2026-08-22 14:21:29,601 [INFO] Выбор дат: 27.09.2026 - 27.09.2026
2026-08-22 14:21:29,730 [INFO] Календарь открыт
2026-08-22 14:21:32,025 [INFO] Выбран день 27.9.2026
2026-08-22 14:21:33,769 [INFO] Выбран день 27.9.2026
2026-08-22 14:21:33,769 [INFO] Диапазон дат выбран
2026-08-22 14:21:34,785 [INFO] Выбор ночей: 7 - 7
2026-08-22 14:21:34,850 [INFO] Панель ночей открыта
2026-08-22 14:21:35,880 [INFO] Клик по контейнеру с числом 7 выполнен
2026-08-22 14:21:36,196 [INFO] Панель ночей закрыта
2026-08-22 14:21:36,703 [INFO] Взрослых 2 (по умолчанию), пропускаем
2026-08-22 14:21:37,241 [INFO] Кнопка 'Найти тур' нажата
2026-08-22 14:21:38,584 [INFO] Получен URL после поиска: https://www.onlinetours.ru/tours/2fd869e54751223178bd04ca2f6f8236?ticket_strategy=include
2026-08-22 14:21:48,967 [INFO] Выбор самой дешёвой даты (searchMinPriceData=true)...
2026-08-22 14:21:48,968 [INFO] Поиск блока с датами для выбора самой дешёвой даты...
2026-08-22 14:21:57,822 [INFO] Найдено 1 кнопок с процентами
2026-08-22 14:21:57,827 [INFO] Выбрана кнопка с минимальным процентом 77.15 (самая дешёвая дата)
2026-08-22 14:21:57,920 [INFO] Ожидание перезагрузки страницы после выбора даты...
2026-08-22 14:22:01,946 [INFO] Новый URL после выбора дешёвой даты: https://www.onlinetours.ru/tours/22328b058102568e538abe92b1c6fe25?ticket_strategy=include
2026-08-22 14:22:01,946 [INFO] Применение фильтров через параметры URL...
2026-08-22 14:22:01,947 [INFO] Новый URL с фильтрами: https://www.onlinetours.ru/tours/22328b058102568e538abe92b1c6fe25?ticket_strategy=include&sort=price&price_from=30000&price_to=75000&rating=5
2026-08-22 14:22:04,547 [INFO] Финальный URL после фильтров: https://www.onlinetours.ru/tours/22328b058102568e538abe92b1c6fe25?ticket_strategy=include&sort=price&price_from=30000&price_to=75000&rating=5
2026-08-22 14:22:14,865 [INFO] Минимальная цена: 73755
2026-08-22 14:22:14,878 [INFO] Итоговая дата изменилась: 27 сен - 7 окт
2026-08-22 14:22:16,113 [INFO] Драйвер закрыт
2026-08-22 14:22:16,113 [INFO] Сохранён #137
2026-08-22 14:22:16,114 [INFO]
============================================================
Екатеринбург -> Ессентуки, даты 27.09.2026, ночей 7, взрослых 2, фильтры: {'price_min': 30000, 'price_max': 75000, 'rating': 5, 'meal_ids': [], 'sort': 'price'}
============================================================
2026-08-22 14:22:23,572 [INFO] Главная страница загружена
2026-08-22 14:22:23,572 [INFO] Выбор 'Екатеринбург' в поле 'Город вылета'
2026-08-22 14:22:29,481 [WARNING] Выпадающий список не найден, пробуем нажать Enter
2026-08-22 14:22:30,510 [INFO] Значение 'Екатеринбург' выбрано через Enter
2026-08-22 14:22:30,510 [INFO] Выбор страны 'Ессентуки' в поле 'Страна, курорт, отель'
2026-08-22 14:22:32,592 [INFO] Страна 'Ессентуки' выбрана
2026-08-22 14:22:33,107 [INFO] Выбор дат: 27.09.2026 - 27.09.2026
2026-08-22 14:22:33,238 [INFO] Календарь открыт
2026-08-22 14:22:35,533 [INFO] Выбран день 27.9.2026
2026-08-22 14:22:37,291 [INFO] Выбран день 27.9.2026
2026-08-22 14:22:37,292 [INFO] Диапазон дат выбран
2026-08-22 14:22:38,299 [INFO] Выбор ночей: 7 - 7
2026-08-22 14:22:38,367 [INFO] Панель ночей открыта
2026-08-22 14:22:39,395 [INFO] Клик по контейнеру с числом 7 выполнен
2026-08-22 14:22:39,713 [INFO] Панель ночей закрыта
2026-08-22 14:22:40,227 [INFO] Взрослых 2 (по умолчанию), пропускаем
2026-08-22 14:22:40,768 [INFO] Кнопка 'Найти тур' нажата
2026-08-22 14:22:42,491 [INFO] Получен URL после поиска: https://www.onlinetours.ru/tours/9ed80fdc7bde5877ba77348bd2bb7354?ticket_strategy=include
2026-08-22 14:22:52,865 [INFO] Выбор самой дешёвой даты (searchMinPriceData=true)...
2026-08-22 14:22:52,865 [INFO] Поиск блока с датами для выбора самой дешёвой даты...
2026-08-22 14:23:03,235 [INFO] Найдено 1 кнопок с процентами
2026-08-22 14:23:03,241 [INFO] Выбрана кнопка с минимальным процентом 77.15 (самая дешёвая дата)
2026-08-22 14:23:03,336 [INFO] Ожидание перезагрузки страницы после выбора даты...
2026-08-22 14:23:07,348 [INFO] Новый URL после выбора дешёвой даты: https://www.onlinetours.ru/tours/9accbf1e60c6c05d17c77318c0d596b3?ticket_strategy=include
2026-08-22 14:23:07,348 [INFO] Применение фильтров через параметры URL...
2026-08-22 14:23:07,351 [INFO] Новый URL с фильтрами: https://www.onlinetours.ru/tours/9accbf1e60c6c05d17c77318c0d596b3?ticket_strategy=include&sort=price&price_from=30000&price_to=75000&rating=5
2026-08-22 14:23:09,982 [INFO] Финальный URL после фильтров: https://www.onlinetours.ru/tours/9accbf1e60c6c05d17c77318c0d596b3?ticket_strategy=include&sort=price&price_from=30000&price_to=75000&rating=5
2026-08-22 14:23:20,379 [INFO] Минимальная цена: 53338
2026-08-22 14:23:20,403 [INFO] Итоговая дата изменилась: 27 сен - 7 окт
2026-08-22 14:23:21,653 [INFO] Драйвер закрыт
2026-08-22 14:23:21,655 [INFO] Сохранён #138
2026-08-22 14:23:21,655 [INFO]
============================================================
Казань -> Сочи, даты 27.09.2026, ночей 7, взрослых 2, фильтры: {'price_min': 30000, 'price_max': 75000, 'rating': 5, 'meal_ids': [], 'sort': 'price'}
============================================================
2026-08-22 14:23:27,254 [INFO] Главная страница загружена
2026-08-22 14:23:27,255 [INFO] Выбор 'Казань' в поле 'Город вылета'
2026-08-22 14:23:36,149 [WARNING] Выпадающий список не найден, пробуем нажать Enter
2026-08-22 14:23:37,179 [INFO] Значение 'Казань' выбрано через Enter
2026-08-22 14:23:37,180 [INFO] Выбор страны 'Сочи' в поле 'Страна, курорт, отель'
2026-08-22 14:23:39,209 [INFO] Страна 'Сочи' выбрана
2026-08-22 14:23:39,710 [INFO] Выбор дат: 27.09.2026 - 27.09.2026
2026-08-22 14:23:39,835 [INFO] Календарь открыт
2026-08-22 14:23:42,118 [INFO] Выбран день 27.9.2026
2026-08-22 14:23:43,866 [INFO] Выбран день 27.9.2026
2026-08-22 14:23:43,866 [INFO] Диапазон дат выбран
2026-08-22 14:23:44,869 [INFO] Выбор ночей: 7 - 7
2026-08-22 14:23:44,932 [INFO] Панель ночей открыта
2026-08-22 14:23:45,966 [INFO] Клик по контейнеру с числом 7 выполнен
2026-08-22 14:23:46,290 [INFO] Панель ночей закрыта
2026-08-22 14:23:46,790 [INFO] Взрослых 2 (по умолчанию), пропускаем
2026-08-22 14:23:47,337 [INFO] Кнопка 'Найти тур' нажата
2026-08-22 14:23:48,661 [INFO] Получен URL после поиска: https://www.onlinetours.ru/tours/5033500e84296f754aed56fd25572c4a?ticket_strategy=include
2026-08-22 14:23:59,000 [INFO] Выбор самой дешёвой даты (searchMinPriceData=true)...
2026-08-22 14:23:59,000 [INFO] Поиск блока с датами для выбора самой дешёвой даты...
2026-08-22 14:24:13,471 [INFO] Найдено 1 кнопок с процентами
2026-08-22 14:24:13,477 [INFO] Выбрана кнопка с минимальным процентом 77.15 (самая дешёвая дата)
2026-08-22 14:24:13,570 [INFO] Ожидание перезагрузки страницы после выбора даты...
2026-08-22 14:24:17,596 [INFO] Новый URL после выбора дешёвой даты: https://www.onlinetours.ru/tours/3bccf38ea80bbd808ddd6c9e6abb972f?ticket_strategy=include
2026-08-22 14:24:17,596 [INFO] Применение фильтров через параметры URL...
2026-08-22 14:24:17,598 [INFO] Новый URL с фильтрами: https://www.onlinetours.ru/tours/3bccf38ea80bbd808ddd6c9e6abb972f?ticket_strategy=include&sort=price&price_from=30000&price_to=75000&rating=5
2026-08-22 14:24:20,199 [INFO] Финальный URL после фильтров: https://www.onlinetours.ru/tours/3bccf38ea80bbd808ddd6c9e6abb972f?ticket_strategy=include&sort=price&price_from=30000&price_to=75000&rating=5
2026-08-22 14:24:30,603 [INFO] Минимальная цена: 48710
2026-08-22 14:24:30,629 [INFO] Итоговая дата изменилась: 27 сен - 7 окт
2026-08-22 14:24:31,937 [INFO] Драйвер закрыт
2026-08-22 14:24:31,937 [INFO] Сохранён #139
2026-08-22 14:24:31,937 [INFO]
============================================================
Казань -> Кисловодск, даты 27.09.2026, ночей 7, взрослых 2, фильтры: {'price_min': 30000, 'price_max': 75000, 'rating': 5, 'meal_ids': [], 'sort': 'price'}
============================================================
2026-08-22 14:24:39,194 [INFO] Главная страница загружена
2026-08-22 14:24:39,194 [INFO] Выбор 'Казань' в поле 'Город вылета'
2026-08-22 14:24:45,292 [WARNING] Выпадающий список не найден, пробуем нажать Enter
2026-08-22 14:24:46,322 [INFO] Значение 'Казань' выбрано через Enter
2026-08-22 14:24:46,322 [INFO] Выбор страны 'Кисловодск' в поле 'Страна, курорт, отель'
2026-08-22 14:24:48,336 [INFO] Страна 'Кисловодск' выбрана
2026-08-22 14:24:48,836 [INFO] Выбор дат: 27.09.2026 - 27.09.2026
2026-08-22 14:24:48,964 [INFO] Календарь открыт
2026-08-22 14:24:51,286 [INFO] Выбран день 27.9.2026
2026-08-22 14:24:53,053 [INFO] Выбран день 27.9.2026
2026-08-22 14:24:53,053 [INFO] Диапазон дат выбран
2026-08-22 14:24:54,067 [INFO] Выбор ночей: 7 - 7
2026-08-22 14:24:54,142 [INFO] Панель ночей открыта
2026-08-22 14:24:55,199 [INFO] Клик по контейнеру с числом 7 выполнен
2026-08-22 14:24:55,524 [INFO] Панель ночей закрыта
2026-08-22 14:24:56,037 [INFO] Взрослых 2 (по умолчанию), пропускаем
2026-08-22 14:24:56,576 [INFO] Кнопка 'Найти тур' нажата
2026-08-22 14:24:58,238 [INFO] Получен URL после поиска: https://www.onlinetours.ru/tours/9a4b43b04bcbb5be8e11a38f6c0f7721?ticket_strategy=include
2026-08-22 14:25:08,580 [INFO] Выбор самой дешёвой даты (searchMinPriceData=true)...
2026-08-22 14:25:08,580 [INFO] Поиск блока с датами для выбора самой дешёвой даты...
2026-08-22 14:25:17,885 [INFO] Найдено 1 кнопок с процентами
2026-08-22 14:25:17,914 [INFO] Выбрана кнопка с минимальным процентом 77.15 (самая дешёвая дата)
2026-08-22 14:25:18,011 [INFO] Ожидание перезагрузки страницы после выбора даты...
2026-08-22 14:25:22,036 [INFO] Новый URL после выбора дешёвой даты: https://www.onlinetours.ru/tours/f107f854e5056128b60790e36f12b5d8?ticket_strategy=include
2026-08-22 14:25:22,036 [INFO] Применение фильтров через параметры URL...
2026-08-22 14:25:22,038 [INFO] Новый URL с фильтрами: https://www.onlinetours.ru/tours/f107f854e5056128b60790e36f12b5d8?ticket_strategy=include&sort=price&price_from=30000&price_to=75000&rating=5
2026-08-22 14:25:24,602 [INFO] Финальный URL после фильтров: https://www.onlinetours.ru/tours/f107f854e5056128b60790e36f12b5d8?ticket_strategy=include&sort=price&price_from=30000&price_to=75000&rating=5
2026-08-22 14:25:34,918 [INFO] Минимальная цена: 66844
2026-08-22 14:25:34,934 [INFO] Итоговая дата изменилась: 27 сен - 7 окт
2026-08-22 14:25:36,181 [INFO] Драйвер закрыт
2026-08-22 14:25:36,182 [INFO] Сохранён #140
2026-08-22 14:25:36,182 [INFO]
============================================================
Казань -> Ессентуки, даты 27.09.2026, ночей 7, взрослых 2, фильтры: {'price_min': 30000, 'price_max': 75000, 'rating': 5, 'meal_ids': [], 'sort': 'price'}
============================================================
2026-08-22 14:25:43,573 [INFO] Главная страница загружена
2026-08-22 14:25:43,573 [INFO] Выбор 'Казань' в поле 'Город вылета'
2026-08-22 14:25:49,724 [WARNING] Выпадающий список не найден, пробуем нажать Enter
2026-08-22 14:25:50,756 [INFO] Значение 'Казань' выбрано через Enter
2026-08-22 14:25:50,756 [INFO] Выбор страны 'Ессентуки' в поле 'Страна, курорт, отель'
2026-08-22 14:25:52,847 [INFO] Страна 'Ессентуки' выбрана
2026-08-22 14:25:53,348 [INFO] Выбор дат: 27.09.2026 - 27.09.2026
2026-08-22 14:25:53,471 [INFO] Календарь открыт
2026-08-22 14:25:55,767 [INFO] Выбран день 27.9.2026
2026-08-22 14:25:57,520 [INFO] Выбран день 27.9.2026
2026-08-22 14:25:57,520 [INFO] Диапазон дат выбран
2026-08-22 14:25:58,536 [INFO] Выбор ночей: 7 - 7
2026-08-22 14:25:58,602 [INFO] Панель ночей открыта
2026-08-22 14:25:59,637 [INFO] Клик по контейнеру с числом 7 выполнен
2026-08-22 14:25:59,954 [INFO] Панель ночей закрыта
2026-08-22 14:26:00,457 [INFO] Взрослых 2 (по умолчанию), пропускаем
2026-08-22 14:26:00,997 [INFO] Кнопка 'Найти тур' нажата
2026-08-22 14:26:02,805 [INFO] Получен URL после поиска: https://www.onlinetours.ru/tours/2364361ae405931e5e62a1b425ba444a?ticket_strategy=include
2026-08-22 14:26:13,204 [INFO] Выбор самой дешёвой даты (searchMinPriceData=true)...
2026-08-22 14:26:13,204 [INFO] Поиск блока с датами для выбора самой дешёвой даты...
2026-08-22 14:26:19,443 [INFO] Найдено 1 кнопок с процентами
2026-08-22 14:26:19,452 [INFO] Выбрана кнопка с минимальным процентом 77.15 (самая дешёвая дата)
2026-08-22 14:26:19,538 [INFO] Ожидание перезагрузки страницы после выбора даты...
2026-08-22 14:26:23,565 [INFO] Новый URL после выбора дешёвой даты: https://www.onlinetours.ru/tours/2513d4667ff16746d5c2ebd9dd7e08f4?ticket_strategy=include
2026-08-22 14:26:23,565 [INFO] Применение фильтров через параметры URL...
2026-08-22 14:26:23,567 [INFO] Новый URL с фильтрами: https://www.onlinetours.ru/tours/2513d4667ff16746d5c2ebd9dd7e08f4?ticket_strategy=include&sort=price&price_from=30000&price_to=75000&rating=5
2026-08-22 14:26:26,129 [INFO] Финальный URL после фильтров: https://www.onlinetours.ru/tours/2513d4667ff16746d5c2ebd9dd7e08f4?ticket_strategy=include&sort=price&price_from=30000&price_to=75000&rating=5
2026-08-22 14:26:36,475 [INFO] Минимальная цена: 60373
2026-08-22 14:26:36,495 [INFO] Итоговая дата изменилась: 27 сен - 7 окт
2026-08-22 14:26:37,743 [INFO] Драйвер закрыт
2026-08-22 14:26:37,744 [INFO] Сохранён #141
2026-08-22 14:26:37,744 [INFO]
============================================================
Нижний Новгород -> Сочи, даты 27.09.2026, ночей 7, взрослых 2, фильтры: {'price_min': 30000, 'price_max': 75000, 'rating': 5, 'meal_ids': [], 'sort': 'price'}
============================================================
2026-08-22 14:26:45,184 [INFO] Главная страница загружена
2026-08-22 14:26:45,184 [INFO] Выбор 'Нижний Новгород' в поле 'Город вылета'
2026-08-22 14:26:51,031 [WARNING] Выпадающий список не найден, пробуем нажать Enter
2026-08-22 14:26:52,088 [INFO] Значение 'Нижний Новгород' выбрано через Enter
2026-08-22 14:26:52,088 [INFO] Выбор страны 'Сочи' в поле 'Страна, курорт, отель'
2026-08-22 14:26:54,092 [INFO] Страна 'Сочи' выбрана
2026-08-22 14:26:54,593 [INFO] Выбор дат: 27.09.2026 - 27.09.2026
2026-08-22 14:26:54,709 [INFO] Календарь открыт
2026-08-22 14:26:57,031 [INFO] Выбран день 27.9.2026
2026-08-22 14:26:58,798 [INFO] Выбран день 27.9.2026
2026-08-22 14:26:58,798 [INFO] Диапазон дат выбран
2026-08-22 14:26:59,809 [INFO] Выбор ночей: 7 - 7
2026-08-22 14:26:59,892 [INFO] Панель ночей открыта
2026-08-22 14:27:00,920 [INFO] Клик по контейнеру с числом 7 выполнен
2026-08-22 14:27:01,234 [INFO] Панель ночей закрыта
2026-08-22 14:27:01,742 [INFO] Взрослых 2 (по умолчанию), пропускаем
2026-08-22 14:27:02,282 [INFO] Кнопка 'Найти тур' нажата
2026-08-22 14:27:03,814 [INFO] Получен URL после поиска: https://www.onlinetours.ru/tours/b995b00f1bbc9372e21f008951f53bac?ticket_strategy=include
2026-08-22 14:27:14,301 [INFO] Выбор самой дешёвой даты (searchMinPriceData=true)...
2026-08-22 14:27:14,301 [INFO] Поиск блока с датами для выбора самой дешёвой даты...
2026-08-22 14:27:31,292 [INFO] Найдено 1 кнопок с процентами
2026-08-22 14:27:31,298 [INFO] Выбрана кнопка с минимальным процентом 77.15 (самая дешёвая дата)
2026-08-22 14:27:31,392 [INFO] Ожидание перезагрузки страницы после выбора даты...
2026-08-22 14:27:35,423 [INFO] Новый URL после выбора дешёвой даты: https://www.onlinetours.ru/tours/d9a038aeaf5f5cfc879e58fcfc137bd3?ticket_strategy=include
2026-08-22 14:27:35,423 [INFO] Применение фильтров через параметры URL...
2026-08-22 14:27:35,424 [INFO] Новый URL с фильтрами: https://www.onlinetours.ru/tours/d9a038aeaf5f5cfc879e58fcfc137bd3?ticket_strategy=include&sort=price&price_from=30000&price_to=75000&rating=5
2026-08-22 14:27:38,049 [INFO] Финальный URL после фильтров: https://www.onlinetours.ru/tours/d9a038aeaf5f5cfc879e58fcfc137bd3?ticket_strategy=include&sort=price&price_from=30000&price_to=75000&rating=5
2026-08-22 14:27:48,509 [INFO] Минимальная цена: 56125
2026-08-22 14:27:48,531 [INFO] Итоговая дата изменилась: 27 сен - 7 окт
2026-08-22 14:27:49,819 [INFO] Драйвер закрыт
2026-08-22 14:27:49,820 [INFO] Сохранён #142
2026-08-22 14:27:49,820 [INFO]
============================================================
Нижний Новгород -> Кисловодск, даты 27.09.2026, ночей 7, взрослых 2, фильтры: {'price_min': 30000, 'price_max': 75000, 'rating': 5, 'meal_ids': [], 'sort': 'price'}
============================================================
2026-08-22 14:27:57,097 [INFO] Главная страница загружена
2026-08-22 14:27:57,097 [INFO] Выбор 'Нижний Новгород' в поле 'Город вылета'
2026-08-22 14:28:03,344 [WARNING] Выпадающий список не найден, пробуем нажать Enter
2026-08-22 14:28:04,375 [INFO] Значение 'Нижний Новгород' выбрано через Enter
2026-08-22 14:28:04,375 [INFO] Выбор страны 'Кисловодск' в поле 'Страна, курорт, отель'
2026-08-22 14:28:06,408 [INFO] Страна 'Кисловодск' выбрана
2026-08-22 14:28:06,919 [INFO] Выбор дат: 27.09.2026 - 27.09.2026
2026-08-22 14:28:07,048 [INFO] Календарь открыт
2026-08-22 14:28:09,334 [INFO] Выбран день 27.9.2026
2026-08-22 14:28:11,107 [INFO] Выбран день 27.9.2026
2026-08-22 14:28:11,107 [INFO] Диапазон дат выбран
2026-08-22 14:28:12,119 [INFO] Выбор ночей: 7 - 7
2026-08-22 14:28:12,181 [INFO] Панель ночей открыта
2026-08-22 14:28:13,232 [INFO] Клик по контейнеру с числом 7 выполнен
2026-08-22 14:28:13,555 [INFO] Панель ночей закрыта
2026-08-22 14:28:14,060 [INFO] Взрослых 2 (по умолчанию), пропускаем
2026-08-22 14:28:14,603 [INFO] Кнопка 'Найти тур' нажата
2026-08-22 14:28:16,126 [INFO] Получен URL после поиска: https://www.onlinetours.ru/tours/8456e32bb4e2b73a86def5b092a97eb8?ticket_strategy=include
2026-08-22 14:28:26,438 [INFO] Выбор самой дешёвой даты (searchMinPriceData=true)...
2026-08-22 14:28:26,438 [INFO] Поиск блока с датами для выбора самой дешёвой даты...
2026-08-22 14:28:29,035 [INFO] Найдено 1 кнопок с процентами
2026-08-22 14:28:29,041 [INFO] Выбрана кнопка с минимальным процентом 77.15 (самая дешёвая дата)
2026-08-22 14:28:29,140 [INFO] Ожидание перезагрузки страницы после выбора даты...
2026-08-22 14:28:33,163 [INFO] Новый URL после выбора дешёвой даты: https://www.onlinetours.ru/tours/86d52b96648e136e4fca8777455b182d?ticket_strategy=include
2026-08-22 14:28:33,164 [INFO] Применение фильтров через параметры URL...
2026-08-22 14:28:33,166 [INFO] Новый URL с фильтрами: https://www.onlinetours.ru/tours/86d52b96648e136e4fca8777455b182d?ticket_strategy=include&sort=price&price_from=30000&price_to=75000&rating=5
2026-08-22 14:28:35,809 [INFO] Финальный URL после фильтров: https://www.onlinetours.ru/tours/86d52b96648e136e4fca8777455b182d?ticket_strategy=include&sort=price&price_from=30000&price_to=75000&rating=5
2026-08-22 14:28:46,122 [WARNING] Не удалось извлечь минимальную цену: Message: no such element: Unable to locate element: {"method":"xpath","selector":"//span[contains(@class, 'text-ds-mobile-h4') and contains(@class, 'text-ds-primary')]"}
  (Session info: chrome=151.0.7922.170); For documentation on this error, please visit: https://www.selenium.dev/documentation/webdriver/troubleshooting/errors#nosuchelementexception
Stacktrace:
        chromedriver!GetHandleVerifier [0x7ff7baa2abb5+151b5]
        chromedriver!GetHandleVerifier [0x7ff7baa2ac10+15210]
        chromedriver!(No symbol) [0x7ff7ba555d6d]
        chromedriver!(No symbol) [0x7ff7ba5b1289]
        chromedriver!(No symbol) [0x7ff7ba5b158c]
        chromedriver!(No symbol) [0x7ff7ba602027]
        chromedriver!(No symbol) [0x7ff7ba5fec0b]
        chromedriver!(No symbol) [0x7ff7ba5a37cc]
        chromedriver!(No symbol) [0x7ff7ba5a46f3]
        chromedriver!GetHandleVerifier [0x7ff7bb04b79b+635d9b]
        chromedriver!GetHandleVerifier [0x7ff7bb045ac6+6300c6]
        chromedriver!GetHandleVerifier [0x7ff7bb06bcee+6562ee]
        chromedriver!GetHandleVerifier [0x7ff7baa48ffe+335fe]
        chromedriver!GetHandleVerifier [0x7ff7baa5147c+3ba7c]
        chromedriver!GetHandleVerifier [0x7ff7baa34d64+1f364]
        chromedriver!GetHandleVerifier [0x7ff7baa34ef4+1f4f4]
        chromedriver!GetHandleVerifier [0x7ff7baa17d97+2397]
        KERNEL32!BaseThreadInitThunk [0x7ffd14f17374+14]
        ntdll!RtlUserThreadStart [0x7ffd15b5cc91+21]

2026-08-22 14:28:46,140 [INFO] Итоговая дата изменилась: 27 сен - 7 окт
2026-08-22 14:28:47,372 [INFO] Драйвер закрыт
2026-08-22 14:28:47,373 [INFO] Сохранён #143
2026-08-22 14:28:47,373 [INFO]
============================================================
Нижний Новгород -> Ессентуки, даты 27.09.2026, ночей 7, взрослых 2, фильтры: {'price_min': 30000, 'price_max': 75000, 'rating': 5, 'meal_ids': [], 'sort': 'price'}
============================================================
2026-08-22 14:28:51,401 [INFO] Главная страница загружена
2026-08-22 14:28:51,401 [INFO] Выбор 'Нижний Новгород' в поле 'Город вылета'
2026-08-22 14:29:00,357 [WARNING] Выпадающий список не найден, пробуем нажать Enter
2026-08-22 14:29:01,386 [INFO] Значение 'Нижний Новгород' выбрано через Enter
2026-08-22 14:29:01,387 [INFO] Выбор страны 'Ессентуки' в поле 'Страна, курорт, отель'
2026-08-22 14:29:03,424 [INFO] Страна 'Ессентуки' выбрана
2026-08-22 14:29:03,924 [INFO] Выбор дат: 27.09.2026 - 27.09.2026
2026-08-22 14:29:04,058 [INFO] Календарь открыт
2026-08-22 14:29:06,342 [INFO] Выбран день 27.9.2026
2026-08-22 14:29:08,111 [INFO] Выбран день 27.9.2026
2026-08-22 14:29:08,111 [INFO] Диапазон дат выбран
2026-08-22 14:29:09,127 [INFO] Выбор ночей: 7 - 7
2026-08-22 14:29:09,194 [INFO] Панель ночей открыта
2026-08-22 14:29:10,224 [INFO] Клик по контейнеру с числом 7 выполнен
2026-08-22 14:29:10,544 [INFO] Панель ночей закрыта
2026-08-22 14:29:11,048 [INFO] Взрослых 2 (по умолчанию), пропускаем
2026-08-22 14:29:11,599 [INFO] Кнопка 'Найти тур' нажата
2026-08-22 14:29:13,369 [INFO] Получен URL после поиска: https://www.onlinetours.ru/tours/d0450320bbf25c76b7c34cfe50d5c071?ticket_strategy=include
2026-08-22 14:29:23,717 [INFO] Выбор самой дешёвой даты (searchMinPriceData=true)...
2026-08-22 14:29:23,718 [INFO] Поиск блока с датами для выбора самой дешёвой даты...
2026-08-22 14:29:29,897 [INFO] Найдено 1 кнопок с процентами
2026-08-22 14:29:29,903 [INFO] Выбрана кнопка с минимальным процентом 77.15 (самая дешёвая дата)
2026-08-22 14:29:29,991 [INFO] Ожидание перезагрузки страницы после выбора даты...
2026-08-22 14:29:34,017 [INFO] Новый URL после выбора дешёвой даты: https://www.onlinetours.ru/tours/5ae77f9ac918e7fb7e819580e62eebc4?ticket_strategy=include
2026-08-22 14:29:34,017 [INFO] Применение фильтров через параметры URL...
2026-08-22 14:29:34,018 [INFO] Новый URL с фильтрами: https://www.onlinetours.ru/tours/5ae77f9ac918e7fb7e819580e62eebc4?ticket_strategy=include&sort=price&price_from=30000&price_to=75000&rating=5
2026-08-22 14:29:36,641 [INFO] Финальный URL после фильтров: https://www.onlinetours.ru/tours/5ae77f9ac918e7fb7e819580e62eebc4?ticket_strategy=include&sort=price&price_from=30000&price_to=75000&rating=5
2026-08-22 14:29:46,927 [WARNING] Не удалось извлечь минимальную цену: Message: no such element: Unable to locate element: {"method":"xpath","selector":"//span[contains(@class, 'text-ds-mobile-h4') and contains(@class, 'text-ds-primary')]"}
  (Session info: chrome=151.0.7922.170); For documentation on this error, please visit: https://www.selenium.dev/documentation/webdriver/troubleshooting/errors#nosuchelementexception
Stacktrace:
        chromedriver!GetHandleVerifier [0x7ff7baa2abb5+151b5]
        chromedriver!GetHandleVerifier [0x7ff7baa2ac10+15210]
        chromedriver!(No symbol) [0x7ff7ba555d6d]
        chromedriver!(No symbol) [0x7ff7ba5b1289]
        chromedriver!(No symbol) [0x7ff7ba5b158c]
        chromedriver!(No symbol) [0x7ff7ba602027]
        chromedriver!(No symbol) [0x7ff7ba5fec0b]
        chromedriver!(No symbol) [0x7ff7ba5a37cc]
        chromedriver!(No symbol) [0x7ff7ba5a46f3]
        chromedriver!GetHandleVerifier [0x7ff7bb04b79b+635d9b]
        chromedriver!GetHandleVerifier [0x7ff7bb045ac6+6300c6]
        chromedriver!GetHandleVerifier [0x7ff7bb06bcee+6562ee]
        chromedriver!GetHandleVerifier [0x7ff7baa48ffe+335fe]
        chromedriver!GetHandleVerifier [0x7ff7baa5147c+3ba7c]
        chromedriver!GetHandleVerifier [0x7ff7baa34d64+1f364]
        chromedriver!GetHandleVerifier [0x7ff7baa34ef4+1f4f4]
        chromedriver!GetHandleVerifier [0x7ff7baa17d97+2397]
        KERNEL32!BaseThreadInitThunk [0x7ffd14f17374+14]
        ntdll!RtlUserThreadStart [0x7ffd15b5cc91+21]

2026-08-22 14:29:46,946 [INFO] Итоговая дата изменилась: 27 сен - 7 окт
2026-08-22 14:29:48,174 [INFO] Драйвер закрыт
2026-08-22 14:29:48,175 [INFO] Сохранён #144
2026-08-22 14:29:48,175 [INFO]
============================================================
Пермь -> Сочи, даты 27.09.2026, ночей 7, взрослых 2, фильтры: {'price_min': 30000, 'price_max': 75000, 'rating': 5, 'meal_ids': [], 'sort': 'price'}
============================================================
2026-08-22 14:29:52,172 [INFO] Главная страница загружена
2026-08-22 14:29:52,172 [INFO] Выбор 'Пермь' в поле 'Город вылета'
2026-08-22 14:30:01,993 [WARNING] Выпадающий список не найден, пробуем нажать Enter
2026-08-22 14:30:03,020 [INFO] Значение 'Пермь' выбрано через Enter
2026-08-22 14:30:03,020 [INFO] Выбор страны 'Сочи' в поле 'Страна, курорт, отель'
2026-08-22 14:30:05,019 [INFO] Страна 'Сочи' выбрана
2026-08-22 14:30:05,534 [INFO] Выбор дат: 27.09.2026 - 27.09.2026
2026-08-22 14:30:05,666 [INFO] Календарь открыт
2026-08-22 14:30:07,993 [INFO] Выбран день 27.9.2026
2026-08-22 14:30:09,771 [INFO] Выбран день 27.9.2026
2026-08-22 14:30:09,771 [INFO] Диапазон дат выбран
2026-08-22 14:30:10,785 [INFO] Выбор ночей: 7 - 7
2026-08-22 14:30:10,846 [INFO] Панель ночей открыта
2026-08-22 14:30:11,880 [INFO] Клик по контейнеру с числом 7 выполнен
2026-08-22 14:30:12,204 [INFO] Панель ночей закрыта
2026-08-22 14:30:12,709 [INFO] Взрослых 2 (по умолчанию), пропускаем
2026-08-22 14:30:13,244 [INFO] Кнопка 'Найти тур' нажата
2026-08-22 14:30:14,766 [INFO] Получен URL после поиска: https://www.onlinetours.ru/tours/d3b8ab068d18928b9de8de3b77a49a8d?ticket_strategy=include
2026-08-22 14:30:25,240 [INFO] Выбор самой дешёвой даты (searchMinPriceData=true)...
2026-08-22 14:30:25,240 [INFO] Поиск блока с датами для выбора самой дешёвой даты...
2026-08-22 14:30:29,873 [INFO] Найдено 1 кнопок с процентами
2026-08-22 14:30:29,885 [INFO] Выбрана кнопка с минимальным процентом 77.15 (самая дешёвая дата)
2026-08-22 14:30:29,990 [INFO] Ожидание перезагрузки страницы после выбора даты...
2026-08-22 14:30:34,011 [INFO] Новый URL после выбора дешёвой даты: https://www.onlinetours.ru/tours/b7eceafe54c768db00466acd5c9e7366?ticket_strategy=include
2026-08-22 14:30:34,011 [INFO] Применение фильтров через параметры URL...
2026-08-22 14:30:34,012 [INFO] Новый URL с фильтрами: https://www.onlinetours.ru/tours/b7eceafe54c768db00466acd5c9e7366?ticket_strategy=include&sort=price&price_from=30000&price_to=75000&rating=5
2026-08-22 14:30:36,617 [INFO] Финальный URL после фильтров: https://www.onlinetours.ru/tours/b7eceafe54c768db00466acd5c9e7366?ticket_strategy=include&sort=price&price_from=30000&price_to=75000&rating=5
2026-08-22 14:30:47,118 [INFO] Минимальная цена: 58320
2026-08-22 14:30:47,145 [INFO] Итоговая дата изменилась: 27 сен - 7 окт
2026-08-22 14:30:48,406 [INFO] Драйвер закрыт
2026-08-22 14:30:48,407 [INFO] Сохранён #145
2026-08-22 14:30:48,407 [INFO]
============================================================
Пермь -> Кисловодск, даты 27.09.2026, ночей 7, взрослых 2, фильтры: {'price_min': 30000, 'price_max': 75000, 'rating': 5, 'meal_ids': [], 'sort': 'price'}
============================================================
2026-08-22 14:30:56,117 [INFO] Главная страница загружена
2026-08-22 14:30:56,117 [INFO] Выбор 'Пермь' в поле 'Город вылета'
2026-08-22 14:31:01,897 [WARNING] Выпадающий список не найден, пробуем нажать Enter
2026-08-22 14:31:02,930 [INFO] Значение 'Пермь' выбрано через Enter
2026-08-22 14:31:02,931 [INFO] Выбор страны 'Кисловодск' в поле 'Страна, курорт, отель'
2026-08-22 14:31:04,979 [INFO] Страна 'Кисловодск' выбрана
2026-08-22 14:31:05,493 [INFO] Выбор дат: 27.09.2026 - 27.09.2026
2026-08-22 14:31:05,614 [INFO] Календарь открыт
2026-08-22 14:31:07,919 [INFO] Выбран день 27.9.2026
2026-08-22 14:31:09,669 [INFO] Выбран день 27.9.2026
2026-08-22 14:31:09,670 [INFO] Диапазон дат выбран
2026-08-22 14:31:10,683 [INFO] Выбор ночей: 7 - 7
2026-08-22 14:31:10,750 [INFO] Панель ночей открыта
2026-08-22 14:31:11,781 [INFO] Клик по контейнеру с числом 7 выполнен
2026-08-22 14:31:12,093 [INFO] Панель ночей закрыта
2026-08-22 14:31:12,594 [INFO] Взрослых 2 (по умолчанию), пропускаем
2026-08-22 14:31:13,140 [INFO] Кнопка 'Найти тур' нажата
2026-08-22 14:31:14,818 [INFO] Получен URL после поиска: https://www.onlinetours.ru/tours/e477397deb91a716d319aef1d486aeea?ticket_strategy=include
2026-08-22 14:31:25,217 [INFO] Выбор самой дешёвой даты (searchMinPriceData=true)...
2026-08-22 14:31:25,217 [INFO] Поиск блока с датами для выбора самой дешёвой даты...
2026-08-22 14:31:27,826 [INFO] Найдено 1 кнопок с процентами
2026-08-22 14:31:27,839 [INFO] Выбрана кнопка с минимальным процентом 77.15 (самая дешёвая дата)
2026-08-22 14:31:27,940 [INFO] Ожидание перезагрузки страницы после выбора даты...
2026-08-22 14:31:31,962 [INFO] Новый URL после выбора дешёвой даты: https://www.onlinetours.ru/tours/dcdc0b1538cd4514614a47fb239bfce8?ticket_strategy=include
2026-08-22 14:31:31,962 [INFO] Применение фильтров через параметры URL...
2026-08-22 14:31:31,964 [INFO] Новый URL с фильтрами: https://www.onlinetours.ru/tours/dcdc0b1538cd4514614a47fb239bfce8?ticket_strategy=include&sort=price&price_from=30000&price_to=75000&rating=5
2026-08-22 14:31:34,580 [INFO] Финальный URL после фильтров: https://www.onlinetours.ru/tours/dcdc0b1538cd4514614a47fb239bfce8?ticket_strategy=include&sort=price&price_from=30000&price_to=75000&rating=5
2026-08-22 14:31:44,913 [WARNING] Не удалось извлечь минимальную цену: Message: no such element: Unable to locate element: {"method":"xpath","selector":"//span[contains(@class, 'text-ds-mobile-h4') and contains(@class, 'text-ds-primary')]"}
  (Session info: chrome=151.0.7922.170); For documentation on this error, please visit: https://www.selenium.dev/documentation/webdriver/troubleshooting/errors#nosuchelementexception
Stacktrace:
        chromedriver!GetHandleVerifier [0x7ff7baa2abb5+151b5]
        chromedriver!GetHandleVerifier [0x7ff7baa2ac10+15210]
        chromedriver!(No symbol) [0x7ff7ba555d6d]
        chromedriver!(No symbol) [0x7ff7ba5b1289]
        chromedriver!(No symbol) [0x7ff7ba5b158c]
        chromedriver!(No symbol) [0x7ff7ba602027]
        chromedriver!(No symbol) [0x7ff7ba5fec0b]
        chromedriver!(No symbol) [0x7ff7ba5a37cc]
        chromedriver!(No symbol) [0x7ff7ba5a46f3]
        chromedriver!GetHandleVerifier [0x7ff7bb04b79b+635d9b]
        chromedriver!GetHandleVerifier [0x7ff7bb045ac6+6300c6]
        chromedriver!GetHandleVerifier [0x7ff7bb06bcee+6562ee]
        chromedriver!GetHandleVerifier [0x7ff7baa48ffe+335fe]
        chromedriver!GetHandleVerifier [0x7ff7baa5147c+3ba7c]
        chromedriver!GetHandleVerifier [0x7ff7baa34d64+1f364]
        chromedriver!GetHandleVerifier [0x7ff7baa34ef4+1f4f4]
        chromedriver!GetHandleVerifier [0x7ff7baa17d97+2397]
        KERNEL32!BaseThreadInitThunk [0x7ffd14f17374+14]
        ntdll!RtlUserThreadStart [0x7ffd15b5cc91+21]

2026-08-22 14:31:44,934 [INFO] Итоговая дата изменилась: 27 сен - 7 окт
2026-08-22 14:31:46,193 [INFO] Драйвер закрыт
2026-08-22 14:31:46,194 [INFO] Сохранён #146
2026-08-22 14:31:46,194 [INFO]
============================================================
Пермь -> Ессентуки, даты 27.09.2026, ночей 7, взрослых 2, фильтры: {'price_min': 30000, 'price_max': 75000, 'rating': 5, 'meal_ids': [], 'sort': 'price'}
============================================================
2026-08-22 14:31:50,298 [INFO] Главная страница загружена
2026-08-22 14:31:50,298 [INFO] Выбор 'Пермь' в поле 'Город вылета'
2026-08-22 14:31:59,740 [WARNING] Выпадающий список не найден, пробуем нажать Enter
2026-08-22 14:32:00,769 [INFO] Значение 'Пермь' выбрано через Enter
2026-08-22 14:32:00,769 [INFO] Выбор страны 'Ессентуки' в поле 'Страна, курорт, отель'
2026-08-22 14:32:02,805 [INFO] Страна 'Ессентуки' выбрана
2026-08-22 14:32:03,318 [INFO] Выбор дат: 27.09.2026 - 27.09.2026
2026-08-22 14:32:03,435 [INFO] Календарь открыт
2026-08-22 14:32:05,723 [INFO] Выбран день 27.9.2026
2026-08-22 14:32:07,494 [INFO] Выбран день 27.9.2026
2026-08-22 14:32:07,494 [INFO] Диапазон дат выбран
2026-08-22 14:32:08,508 [INFO] Выбор ночей: 7 - 7
2026-08-22 14:32:08,571 [INFO] Панель ночей открыта
2026-08-22 14:32:09,623 [INFO] Клик по контейнеру с числом 7 выполнен
2026-08-22 14:32:09,947 [INFO] Панель ночей закрыта
2026-08-22 14:32:10,461 [INFO] Взрослых 2 (по умолчанию), пропускаем
2026-08-22 14:32:11,002 [INFO] Кнопка 'Найти тур' нажата
2026-08-22 14:32:12,385 [INFO] Получен URL после поиска: https://www.onlinetours.ru/tours/2c2f6411f88c463008f8cdeb669b30a5?ticket_strategy=include
2026-08-22 14:32:22,857 [INFO] Выбор самой дешёвой даты (searchMinPriceData=true)...
2026-08-22 14:32:22,857 [INFO] Поиск блока с датами для выбора самой дешёвой даты...
2026-08-22 14:32:26,995 [INFO] Найдено 1 кнопок с процентами
2026-08-22 14:32:27,002 [INFO] Выбрана кнопка с минимальным процентом 77.15 (самая дешёвая дата)
2026-08-22 14:32:27,107 [INFO] Ожидание перезагрузки страницы после выбора даты...
2026-08-22 14:32:31,137 [INFO] Новый URL после выбора дешёвой даты: https://www.onlinetours.ru/tours/c6223ea3f05a68d076689b5ddfde5ac1?ticket_strategy=include
2026-08-22 14:32:31,137 [INFO] Применение фильтров через параметры URL...
2026-08-22 14:32:31,141 [INFO] Новый URL с фильтрами: https://www.onlinetours.ru/tours/c6223ea3f05a68d076689b5ddfde5ac1?ticket_strategy=include&sort=price&price_from=30000&price_to=75000&rating=5
2026-08-22 14:32:33,753 [INFO] Финальный URL после фильтров: https://www.onlinetours.ru/tours/c6223ea3f05a68d076689b5ddfde5ac1?ticket_strategy=include&sort=price&price_from=30000&price_to=75000&rating=5
2026-08-22 14:32:44,023 [WARNING] Не удалось извлечь минимальную цену: Message: no such element: Unable to locate element: {"method":"xpath","selector":"//span[contains(@class, 'text-ds-mobile-h4') and contains(@class, 'text-ds-primary')]"}
  (Session info: chrome=151.0.7922.170); For documentation on this error, please visit: https://www.selenium.dev/documentation/webdriver/troubleshooting/errors#nosuchelementexception
Stacktrace:
        chromedriver!GetHandleVerifier [0x7ff7baa2abb5+151b5]
        chromedriver!GetHandleVerifier [0x7ff7baa2ac10+15210]
        chromedriver!(No symbol) [0x7ff7ba555d6d]
        chromedriver!(No symbol) [0x7ff7ba5b1289]
        chromedriver!(No symbol) [0x7ff7ba5b158c]
        chromedriver!(No symbol) [0x7ff7ba602027]
        chromedriver!(No symbol) [0x7ff7ba5fec0b]
        chromedriver!(No symbol) [0x7ff7ba5a37cc]
        chromedriver!(No symbol) [0x7ff7ba5a46f3]
        chromedriver!GetHandleVerifier [0x7ff7bb04b79b+635d9b]
        chromedriver!GetHandleVerifier [0x7ff7bb045ac6+6300c6]
        chromedriver!GetHandleVerifier [0x7ff7bb06bcee+6562ee]
        chromedriver!GetHandleVerifier [0x7ff7baa48ffe+335fe]
        chromedriver!GetHandleVerifier [0x7ff7baa5147c+3ba7c]
        chromedriver!GetHandleVerifier [0x7ff7baa34d64+1f364]
        chromedriver!GetHandleVerifier [0x7ff7baa34ef4+1f4f4]
        chromedriver!GetHandleVerifier [0x7ff7baa17d97+2397]
        KERNEL32!BaseThreadInitThunk [0x7ffd14f17374+14]
        ntdll!RtlUserThreadStart [0x7ffd15b5cc91+21]

2026-08-22 14:32:44,043 [INFO] Итоговая дата изменилась: 27 сен - 7 окт
2026-08-22 14:32:45,271 [INFO] Драйвер закрыт
2026-08-22 14:32:45,273 [INFO] Сохранён #147
2026-08-22 14:32:45,273 [INFO]
============================================================
Самара -> Сочи, даты 27.09.2026, ночей 7, взрослых 2, фильтры: {'price_min': 30000, 'price_max': 75000, 'rating': 5, 'meal_ids': [], 'sort': 'price'}
============================================================
2026-08-22 14:32:52,679 [INFO] Главная страница загружена
2026-08-22 14:32:52,680 [INFO] Выбор 'Самара' в поле 'Город вылета'
2026-08-22 14:32:58,549 [WARNING] Выпадающий список не найден, пробуем нажать Enter
2026-08-22 14:32:59,578 [INFO] Значение 'Самара' выбрано через Enter
2026-08-22 14:32:59,578 [INFO] Выбор страны 'Сочи' в поле 'Страна, курорт, отель'
2026-08-22 14:33:01,578 [INFO] Страна 'Сочи' выбрана
2026-08-22 14:33:02,079 [INFO] Выбор дат: 27.09.2026 - 27.09.2026
2026-08-22 14:33:02,200 [INFO] Календарь открыт
2026-08-22 14:33:04,488 [INFO] Выбран день 27.9.2026
2026-08-22 14:33:06,250 [INFO] Выбран день 27.9.2026
2026-08-22 14:33:06,250 [INFO] Диапазон дат выбран
2026-08-22 14:33:07,263 [INFO] Выбор ночей: 7 - 7
2026-08-22 14:33:07,324 [INFO] Панель ночей открыта
2026-08-22 14:33:08,388 [INFO] Клик по контейнеру с числом 7 выполнен
2026-08-22 14:33:08,703 [INFO] Панель ночей закрыта
2026-08-22 14:33:09,216 [INFO] Взрослых 2 (по умолчанию), пропускаем
2026-08-22 14:33:09,767 [INFO] Кнопка 'Найти тур' нажата
2026-08-22 14:33:11,456 [INFO] Получен URL после поиска: https://www.onlinetours.ru/tours/9ee3a7721d64d2099494b0129bc02a2c?ticket_strategy=include
2026-08-22 14:33:21,821 [INFO] Выбор самой дешёвой даты (searchMinPriceData=true)...
2026-08-22 14:33:21,821 [INFO] Поиск блока с датами для выбора самой дешёвой даты...
2026-08-22 14:33:35,814 [INFO] Найдено 1 кнопок с процентами
2026-08-22 14:33:35,820 [INFO] Выбрана кнопка с минимальным процентом 77.15 (самая дешёвая дата)
2026-08-22 14:33:35,926 [INFO] Ожидание перезагрузки страницы после выбора даты...
2026-08-22 14:33:39,942 [INFO] Новый URL после выбора дешёвой даты: https://www.onlinetours.ru/tours/bfe28594f124aaf1e48c638c3476f572?ticket_strategy=include
2026-08-22 14:33:39,943 [INFO] Применение фильтров через параметры URL...
2026-08-22 14:33:39,944 [INFO] Новый URL с фильтрами: https://www.onlinetours.ru/tours/bfe28594f124aaf1e48c638c3476f572?ticket_strategy=include&sort=price&price_from=30000&price_to=75000&rating=5
2026-08-22 14:33:42,553 [INFO] Финальный URL после фильтров: https://www.onlinetours.ru/tours/bfe28594f124aaf1e48c638c3476f572?ticket_strategy=include&sort=price&price_from=30000&price_to=75000&rating=5
2026-08-22 14:33:52,988 [INFO] Минимальная цена: 52488
2026-08-22 14:33:53,016 [INFO] Итоговая дата изменилась: 27 сен - 7 окт
2026-08-22 14:33:54,294 [INFO] Драйвер закрыт
2026-08-22 14:33:54,295 [INFO] Сохранён #148
2026-08-22 14:33:54,295 [INFO]
============================================================
Самара -> Кисловодск, даты 27.09.2026, ночей 7, взрослых 2, фильтры: {'price_min': 30000, 'price_max': 75000, 'rating': 5, 'meal_ids': [], 'sort': 'price'}
============================================================
2026-08-22 14:34:00,909 [INFO] Главная страница загружена
2026-08-22 14:34:00,909 [INFO] Выбор 'Самара' в поле 'Город вылета'
2026-08-22 14:34:07,012 [WARNING] Выпадающий список не найден, пробуем нажать Enter
2026-08-22 14:34:08,052 [INFO] Значение 'Самара' выбрано через Enter
2026-08-22 14:34:08,052 [INFO] Выбор страны 'Кисловодск' в поле 'Страна, курорт, отель'
2026-08-22 14:34:10,136 [INFO] Страна 'Кисловодск' выбрана
2026-08-22 14:34:10,637 [INFO] Выбор дат: 27.09.2026 - 27.09.2026
2026-08-22 14:34:10,755 [INFO] Календарь открыт
2026-08-22 14:34:13,038 [INFO] Выбран день 27.9.2026
2026-08-22 14:34:14,822 [INFO] Выбран день 27.9.2026
2026-08-22 14:34:14,823 [INFO] Диапазон дат выбран
2026-08-22 14:34:15,839 [INFO] Выбор ночей: 7 - 7
2026-08-22 14:34:15,904 [INFO] Панель ночей открыта
2026-08-22 14:34:16,935 [INFO] Клик по контейнеру с числом 7 выполнен
2026-08-22 14:34:17,259 [INFO] Панель ночей закрыта
2026-08-22 14:34:17,772 [INFO] Взрослых 2 (по умолчанию), пропускаем
2026-08-22 14:34:18,321 [INFO] Кнопка 'Найти тур' нажата
2026-08-22 14:34:19,811 [INFO] Получен URL после поиска: https://www.onlinetours.ru/tours/de458194b62a0597289dfdd57defd6e9?ticket_strategy=include
2026-08-22 14:34:30,169 [INFO] Выбор самой дешёвой даты (searchMinPriceData=true)...
2026-08-22 14:34:30,170 [INFO] Поиск блока с датами для выбора самой дешёвой даты...
2026-08-22 14:34:40,479 [INFO] Найдено 1 кнопок с процентами
2026-08-22 14:34:40,485 [INFO] Выбрана кнопка с минимальным процентом 77.15 (самая дешёвая дата)
2026-08-22 14:34:40,576 [INFO] Ожидание перезагрузки страницы после выбора даты...
2026-08-22 14:34:44,603 [INFO] Новый URL после выбора дешёвой даты: https://www.onlinetours.ru/tours/e2c63a99eb357679ec4579b36f517473?ticket_strategy=include
2026-08-22 14:34:44,603 [INFO] Применение фильтров через параметры URL...
2026-08-22 14:34:44,604 [INFO] Новый URL с фильтрами: https://www.onlinetours.ru/tours/e2c63a99eb357679ec4579b36f517473?ticket_strategy=include&sort=price&price_from=30000&price_to=75000&rating=5
2026-08-22 14:34:47,223 [INFO] Финальный URL после фильтров: https://www.onlinetours.ru/tours/e2c63a99eb357679ec4579b36f517473?ticket_strategy=include&sort=price&price_from=30000&price_to=75000&rating=5
2026-08-22 14:34:57,548 [WARNING] Не удалось извлечь минимальную цену: Message: no such element: Unable to locate element: {"method":"xpath","selector":"//span[contains(@class, 'text-ds-mobile-h4') and contains(@class, 'text-ds-primary')]"}
  (Session info: chrome=151.0.7922.170); For documentation on this error, please visit: https://www.selenium.dev/documentation/webdriver/troubleshooting/errors#nosuchelementexception
Stacktrace:
        chromedriver!GetHandleVerifier [0x7ff7baa2abb5+151b5]
        chromedriver!GetHandleVerifier [0x7ff7baa2ac10+15210]
        chromedriver!(No symbol) [0x7ff7ba555d6d]
        chromedriver!(No symbol) [0x7ff7ba5b1289]
        chromedriver!(No symbol) [0x7ff7ba5b158c]
        chromedriver!(No symbol) [0x7ff7ba602027]
        chromedriver!(No symbol) [0x7ff7ba5fec0b]
        chromedriver!(No symbol) [0x7ff7ba5a37cc]
        chromedriver!(No symbol) [0x7ff7ba5a46f3]
        chromedriver!GetHandleVerifier [0x7ff7bb04b79b+635d9b]
        chromedriver!GetHandleVerifier [0x7ff7bb045ac6+6300c6]
        chromedriver!GetHandleVerifier [0x7ff7bb06bcee+6562ee]
        chromedriver!GetHandleVerifier [0x7ff7baa48ffe+335fe]
        chromedriver!GetHandleVerifier [0x7ff7baa5147c+3ba7c]
        chromedriver!GetHandleVerifier [0x7ff7baa34d64+1f364]
        chromedriver!GetHandleVerifier [0x7ff7baa34ef4+1f4f4]
        chromedriver!GetHandleVerifier [0x7ff7baa17d97+2397]
        KERNEL32!BaseThreadInitThunk [0x7ffd14f17374+14]
        ntdll!RtlUserThreadStart [0x7ffd15b5cc91+21]

2026-08-22 14:34:57,566 [INFO] Итоговая дата изменилась: 27 сен - 7 окт
2026-08-22 14:34:58,823 [INFO] Драйвер закрыт
2026-08-22 14:34:58,824 [INFO] Сохранён #149
2026-08-22 14:34:58,824 [INFO]
============================================================
Самара -> Ессентуки, даты 27.09.2026, ночей 7, взрослых 2, фильтры: {'price_min': 30000, 'price_max': 75000, 'rating': 5, 'meal_ids': [], 'sort': 'price'}
============================================================
2026-08-22 14:35:06,038 [INFO] Главная страница загружена
2026-08-22 14:35:06,038 [INFO] Выбор 'Самара' в поле 'Город вылета'
2026-08-22 14:35:12,066 [WARNING] Выпадающий список не найден, пробуем нажать Enter
2026-08-22 14:35:13,096 [INFO] Значение 'Самара' выбрано через Enter
2026-08-22 14:35:13,096 [INFO] Выбор страны 'Ессентуки' в поле 'Страна, курорт, отель'
2026-08-22 14:35:15,128 [INFO] Страна 'Ессентуки' выбрана
2026-08-22 14:35:15,642 [INFO] Выбор дат: 27.09.2026 - 27.09.2026
2026-08-22 14:35:15,763 [INFO] Календарь открыт
2026-08-22 14:35:18,090 [INFO] Выбран день 27.9.2026
2026-08-22 14:35:19,866 [INFO] Выбран день 27.9.2026
2026-08-22 14:35:19,866 [INFO] Диапазон дат выбран
2026-08-22 14:35:20,882 [INFO] Выбор ночей: 7 - 7
2026-08-22 14:35:20,941 [INFO] Панель ночей открыта
2026-08-22 14:35:21,960 [INFO] Клик по контейнеру с числом 7 выполнен
2026-08-22 14:35:22,276 [INFO] Панель ночей закрыта
2026-08-22 14:35:22,779 [INFO] Взрослых 2 (по умолчанию), пропускаем
2026-08-22 14:35:23,327 [INFO] Кнопка 'Найти тур' нажата
2026-08-22 14:35:24,843 [INFO] Получен URL после поиска: https://www.onlinetours.ru/tours/1ae60fc0a0c79f2ec7280a8c8f8d9e80?ticket_strategy=include
2026-08-22 14:35:35,206 [INFO] Выбор самой дешёвой даты (searchMinPriceData=true)...
2026-08-22 14:35:35,206 [INFO] Поиск блока с датами для выбора самой дешёвой даты...
2026-08-22 14:35:43,960 [INFO] Найдено 1 кнопок с процентами
2026-08-22 14:35:43,966 [INFO] Выбрана кнопка с минимальным процентом 77.15 (самая дешёвая дата)
2026-08-22 14:35:44,089 [INFO] Ожидание перезагрузки страницы после выбора даты...
2026-08-22 14:35:48,113 [INFO] Новый URL после выбора дешёвой даты: https://www.onlinetours.ru/tours/7dcf7d7855323426b1f4cd9c197cb5c3?ticket_strategy=include
2026-08-22 14:35:48,113 [INFO] Применение фильтров через параметры URL...
2026-08-22 14:35:48,114 [INFO] Новый URL с фильтрами: https://www.onlinetours.ru/tours/7dcf7d7855323426b1f4cd9c197cb5c3?ticket_strategy=include&sort=price&price_from=30000&price_to=75000&rating=5
2026-08-22 14:35:50,718 [INFO] Финальный URL после фильтров: https://www.onlinetours.ru/tours/7dcf7d7855323426b1f4cd9c197cb5c3?ticket_strategy=include&sort=price&price_from=30000&price_to=75000&rating=5
2026-08-22 14:36:01,100 [WARNING] Не удалось извлечь минимальную цену: Message: no such element: Unable to locate element: {"method":"xpath","selector":"//span[contains(@class, 'text-ds-mobile-h4') and contains(@class, 'text-ds-primary')]"}
  (Session info: chrome=151.0.7922.170); For documentation on this error, please visit: https://www.selenium.dev/documentation/webdriver/troubleshooting/errors#nosuchelementexception
Stacktrace:
        chromedriver!GetHandleVerifier [0x7ff7baa2abb5+151b5]
        chromedriver!GetHandleVerifier [0x7ff7baa2ac10+15210]
        chromedriver!(No symbol) [0x7ff7ba555d6d]
        chromedriver!(No symbol) [0x7ff7ba5b1289]
        chromedriver!(No symbol) [0x7ff7ba5b158c]
        chromedriver!(No symbol) [0x7ff7ba602027]
        chromedriver!(No symbol) [0x7ff7ba5fec0b]
        chromedriver!(No symbol) [0x7ff7ba5a37cc]
        chromedriver!(No symbol) [0x7ff7ba5a46f3]
        chromedriver!GetHandleVerifier [0x7ff7bb04b79b+635d9b]
        chromedriver!GetHandleVerifier [0x7ff7bb045ac6+6300c6]
        chromedriver!GetHandleVerifier [0x7ff7bb06bcee+6562ee]
        chromedriver!GetHandleVerifier [0x7ff7baa48ffe+335fe]
        chromedriver!GetHandleVerifier [0x7ff7baa5147c+3ba7c]
        chromedriver!GetHandleVerifier [0x7ff7baa34d64+1f364]
        chromedriver!GetHandleVerifier [0x7ff7baa34ef4+1f4f4]
        chromedriver!GetHandleVerifier [0x7ff7baa17d97+2397]
        KERNEL32!BaseThreadInitThunk [0x7ffd14f17374+14]
        ntdll!RtlUserThreadStart [0x7ffd15b5cc91+21]

2026-08-22 14:36:01,119 [INFO] Итоговая дата изменилась: 27 сен - 7 окт
2026-08-22 14:36:02,370 [INFO] Драйвер закрыт
2026-08-22 14:36:02,371 [INFO] Сохранён #150
2026-08-22 14:36:02,371 [INFO] Готово
Нажмите Enter для выхода...
